block,edge,sensor,signature,subject_id
enroll,left,S1_head_carotid,e74dd58631ee81a2b2e3361df49a949a781d37a30512c6dd3dcc94f19a13380a,P01
enroll,right,S1_head_carotid,1b481d5b166f2507b7a1af7774ef057a8846665efcdde0fec2c2d96f3eef2171,P01
enroll,left,S2_neck_aortic_arch,3dc724d765b22d66e1e94f14adf52cdef0c5020cfea682bc13b44e950a90b4e2,P01
enroll,right,S2_neck_aortic_arch,61955fdf50ba1cd30404d2b360456300d4cec903b48c23a9f237f70e074eb48a,P01
enroll,left,S3_chest_heart_aorta,6815bf3dc213bc069e5eddc276244dc3c87d5d5a87000b04af4db3a33037487b,P01
enroll,right,S3_chest_heart_aorta,c36f526050f33368507cbb05496f0e9c777f02f2029b987606638bbe0ea5fb47,P01
enroll,left,S4_chest_heart_aorta,adf67edf1ec4c5ed918c4c1b86a943ad7cd2f344a94eea7377996c7d71a2e06f,P01
enroll,right,S4_chest_heart_aorta,0de533b694137dca50de68716293d4ac426ce87301e30d9fad8ebc1816bdbd4f,P01
enroll,left,S5_loins_renal_aorta,78c61c8241efe18eafabd9713ee3d1f0c0b132a4728a9e1b9174e809deeee8c3,P01
enroll,right,S5_loins_renal_aorta,31c5ece2630c45e0c5da8b50b53e4e623a5643a45c114192c50fb516e4746bfe,P01
enroll,left,S6_buttocks_iliac,7e9b38b8d0bb2da28d49d183ab22c2c4b99deeb91f7525e688ffa5d12aa420bb,P01
enroll,right,S6_buttocks_iliac,e37afc12e88bdb7120745f429636327324c72e9ad7d88b1280e39d148c370959,P01
enroll,left,S7_buttocks_iliac,46481c504ebeb380001e0c8869538826bffeb4185032b437659ec111511da523,P01
enroll,right,S7_buttocks_iliac,d99dec7743c090aa348aa1951226368e124127b86b5a3c5aa4469e50b843cdf3,P01
enroll,left,S8_leg_femoral,7637c73d1bf1fd77f072d6e9a809a0fc1076f83e007852b8e6a13df57cba142b,P01
enroll,right,S8_leg_femoral,b937fc316a0faf738517690ad4ed471155e399206f5b3653d0e6f734dd573a08,P01
query,left,S1_head_carotid,5510c25e71c51de423347fd107b7dfec55a093024588da16a27701904e298f79,P01
query,right,S1_head_carotid,4edd4d9ff183aedc5a6923cfd76e6a3b169ad420cf8e95328ff00e0f9cf8f651,P01
query,left,S2_neck_aortic_arch,2c054e021675213a3410bf06e6f7285263dad320865d878018abb9e9b9283794,P01
query,right,S2_neck_aortic_arch,9503fd81a799646bfc4a910afb441278803ddb866ecde89e27289471f1b80f11,P01
query,left,S3_chest_heart_aorta,f04b44406e6d04dcabc02e48a35f0f6655377f3d72ece56ac3a60960d786c054,P01
query,right,S3_chest_heart_aorta,0e1f3425fe7ce39872900f5a9d45f1aa929cc6f657e7aabc98bd20e282c652cd,P01
query,left,S4_chest_heart_aorta,4f633f4ca6b015f7863082b7017955680d08830086e03ba5512df16bd67249d2,P01
query,right,S4_chest_heart_aorta,bb6204d08769fe7c47d3648cf90ae6590ebd150b0991db0c410e4664d04ff3b4,P01
query,left,S5_loins_renal_aorta,59fd88a512db772237ec6a26603078a282da2e9672304fa6e44d8cd1a4a348c0,P01
query,right,S5_loins_renal_aorta,01c48d87e1fca3faca9fda7f4ec865baa8268762cb2196b4313c7266a2ff3eff,P01
query,left,S6_buttocks_iliac,9ced223181f5bef5a958420a57a081d6a42e0976930f06a54f032f49115a4be3,P01
query,right,S6_buttocks_iliac,5c33b0a812c295553bb57899ee307f7ba57e6667beca9d50acfe9a0a276fe563,P01
query,left,S7_buttocks_iliac,935547fea6174592ec57a5e6b27a05fd340e7e219e095b2a2d08c764a1707866,P01
query,right,S7_buttocks_iliac,a15c33ca6c050cbf47418e508e542845d8ede2279c75d94dba155bba10a9af10,P01
query,left,S8_leg_femoral,03ce2554c274733ae18c8976e5d98337da1dc9b36949a6454389c2e9d1711944,P01
query,right,S8_leg_femoral,c71acc4239bf267652ff576663919a0f3f5ac4c454daf1fec3b9fe03ed5b267d,P01
enroll,left,S1_head_carotid,d6fa5ca9df24a27dfa85b81c52704b762f13c809ab9f432152d35ce424e41dd7,P02
enroll,right,S1_head_carotid,82a7d2539d12f9fbbb5919df6d2d74c0125490713d06a706678fbae0b12fe1f5,P02
enroll,left,S2_neck_aortic_arch,62c90b9224d179f7919a876d34d93b473b21b19b8882c584f0202ca947b2568e,P02
enroll,right,S2_neck_aortic_arch,5749f9b5cc886ba1ba7b1fd3526bd2c271803e0ddce5dd7268d5bf5008dcad55,P02
enroll,left,S3_chest_heart_aorta,88dd50780ab0060306c8d470dced5d93cd28efbf20b7844eaa2efc66e98b3709,P02
enroll,right,S3_chest_heart_aorta,433a10cb1529641ca9fda31bc63d35c3d7d25a3959d9e33e9b6babd00613a851,P02
enroll,left,S4_chest_heart_aorta,5461b312f11a39697cd218b377c995c35ab8d561c51bebd9ff3eae4235acc2d0,P02
enroll,right,S4_chest_heart_aorta,b43b6a71db840b758d8aa3ba3f341bce20777b36d61f3d0a442c8aec5c376f68,P02
enroll,left,S5_loins_renal_aorta,401e1b71e7a9b310fc381eafb7c0bbbe32c276f0ae74a1577a607e197a29f807,P02
enroll,right,S5_loins_renal_aorta,4a61c71fb83733c4d701147404abf91e9b42481c46111e4ff4b22ec4184d54d1,P02
enroll,left,S6_buttocks_iliac,fa24b26fa705a195046d17479b0bf83c8f6ac033685c2ac6d7f36bc82188ab2d,P02
enroll,right,S6_buttocks_iliac,4608e1c1fe9e66ea02add8917a53a531c53850451aaf6c0a818cb8c4a8a3607b,P02
enroll,left,S7_buttocks_iliac,befc7621cb3c1e486f63b03d31d45062b3033b6f00ec49f88432d91a2bce0961,P02
enroll,right,S7_buttocks_iliac,997f154acd74c63e8a771a5dfb70ed72ac6c6a280fbbedaa0186dfef54b906f8,P02
enroll,left,S8_leg_femoral,461d7c207295a264ef1a7828d6121ba8b3160d5b6bfd00084d54ebfcc4b32a84,P02
enroll,right,S8_leg_femoral,b85b71da0dd2361a08147e85f27de8448e48d885cf7bd86fafcf69c16bf8bd1f,P02
query,left,S1_head_carotid,fc49c192d697f489bb530826cd8717e67bd997e043292558023fd56080d016d8,P02
query,right,S1_head_carotid,b7defb8b78365d25848ff2ba3a68e7691177a5180be6c1652d145585fed2a453,P02
query,left,S2_neck_aortic_arch,8a2d0a1481cc79d5bec86342f905d08c07b33c8a156df9680953e9bad2f82a20,P02
query,right,S2_neck_aortic_arch,81060eba988eb3edde231c030ab838f9c90f624ee13d4561298c2c62762e3a53,P02
query,left,S3_chest_heart_aorta,46ed01fad4c22494827130506b760160600ee6580e1f0053b7110c0bf99f3647,P02
query,right,S3_chest_heart_aorta,72ecff3b7577b663a7782edbffdd6fc52aa14b8fe6c86cc81f943c1a76308a1c,P02
query,left,S4_chest_heart_aorta,8ac3ab95f3cc0ac306f9059d785e33ee304a72733c6e6ca35ff480e6aacc5d93,P02
query,right,S4_chest_heart_aorta,ec408b36a8a73ec0d8192397ee1bf9443496100dfedbc51ab227be18c9e43d77,P02
query,left,S5_loins_renal_aorta,2737a54e5f08020d15c1736461702fc32502b7a27148a411988538390279c4ea,P02
query,right,S5_loins_renal_aorta,04f600073b2dcaa488e8f4b03575113f7f6cedab1540437778da86fb6283b75b,P02
query,left,S6_buttocks_iliac,ea1e575e94c32cdd78f63024044251b0743d3714539250096cf6dff6c9fde306,P02
query,right,S6_buttocks_iliac,25e7ceaee720e9bc0854f11d8bfbde7bd1ec4a35c8c79d370ff1f680e795d4a9,P02
query,left,S7_buttocks_iliac,6cd13b71a2af51704ac985b623fd24624a235e3bf1abe318c82fda3dd9f251be,P02
query,right,S7_buttocks_iliac,b3947fd813d8afe19b181f00eca766c5e025536738a6e96692776a37434e3b11,P02
query,left,S8_leg_femoral,a4253c975329d69d7d71859bfb1fc5619f26f0c6a777928394ca09055d3d1fb6,P02
query,right,S8_leg_femoral,aa4b3097538f602a5625f930e12304542c08c1762bc570d8f454f88e9c51fe6e,P02
enroll,left,S1_head_carotid,fd6dc86cc63045dadb603c793cad7a77b7067682d76ee7465ac090230ca18d7d,P03
enroll,right,S1_head_carotid,7719d5dbf3defd0050b0274377bc9cb95f3447e2d9cf152b85f5647ceedb8e20,P03
enroll,left,S2_neck_aortic_arch,3976c3d8423c4749c952eac992fa78aaf30e7c905dc055b7672bda97874759fd,P03
enroll,right,S2_neck_aortic_arch,d15c691457dc2f8dead5dd5f6eed514770614d50eb61176f2c1b5dd032e518b7,P03
enroll,left,S3_chest_heart_aorta,64145a1a602f52af494a038ca03e7334c8baba0f69538c9ae3ba351a18f6a4d4,P03
enroll,right,S3_chest_heart_aorta,37f8c0fa3d7a0a9e233edce6c83bbd75b588a437c5db465bf853dbb5cfa84382,P03
enroll,left,S4_chest_heart_aorta,c85d1809e3f6f972c87d7a068fedad99cf1bb68c6dab5d826b32e16dc816c677,P03
enroll,right,S4_chest_heart_aorta,c660116b657cae37affab8bac82386b267c7551ea5fbe7fdb6c49c96e09181f3,P03
enroll,left,S5_loins_renal_aorta,c228e7d93a344742d3251eaca0bb758b480c0c4e45cff969eace5cfc255094a7,P03
enroll,right,S5_loins_renal_aorta,5669ee8559e0b979bcb3f5860af2f1e3cc5ebd66bf6a63b4f3ea050e7c3b9248,P03
enroll,left,S6_buttocks_iliac,c94f0f5180baae837d11e45871f3382a76dba0eda5c049fd32a39e34ef9f5b80,P03
enroll,right,S6_buttocks_iliac,54634c5515a9570ad251104218448fa6551f722f90859315bf2d02cee17d5e41,P03
enroll,left,S7_buttocks_iliac,3141703cafc361987f5e8ddfcbe38463dbd5ad9d21e077498e6443ad812ea35a,P03
enroll,right,S7_buttocks_iliac,58754f024f0c5c5b6ca494c19e8d36fb2a7fcbdcc794141a91322e3939ec69f7,P03
enroll,left,S8_leg_femoral,5d7b43d120171d43ad871cd02cc3e6fa5bc9e04c406c7adb577a6cff19aebba5,P03
enroll,right,S8_leg_femoral,ae96398d09a983c2e6b650eb88a0fb09b755e54ed0e45e8d53788e9bf6650e9d,P03
query,left,S1_head_carotid,2b57dc52118d1da5fd10799f351939c0fd5299911170eba7efee23044429b36f,P03
query,right,S1_head_carotid,349576875d787315572f73c9d9f18e46e189f88c5e1b2f566541cbb3ec8ed1ab,P03
query,left,S2_neck_aortic_arch,6ceaa1d28ad76cc77aaa8e015e6d19157fb6aff77511f57c24966c27f90e2381,P03
query,right,S2_neck_aortic_arch,f45621ce99f39ec6d792c72e3fcb83a617e92033a2b81fc094d84a2678917b46,P03
query,left,S3_chest_heart_aorta,2483362ff2d66fb8899d21e52f0d86f6211de3118e3dee57d54c6623cf5657fd,P03
query,right,S3_chest_heart_aorta,216157aeed67b177a4d60f2092606296aabcaaeb884d8ba12e902a06d6f66617,P03
query,left,S4_chest_heart_aorta,22252bdb7496e7e6d6d838c5253740dc7109216208a6532d3b1b9ce0ddce7ded,P03
query,right,S4_chest_heart_aorta,debf3ca4cf12b7e0a12f0a5e8da0bbc3cbf78af46d4a96eeb091aa9cc6fcc752,P03
query,left,S5_loins_renal_aorta,8d01eb38325c491c12e2c3702b7c5b17e7c89ee07c0e7a05f8f84cb813858bb0,P03
query,right,S5_loins_renal_aorta,9c6586d1a9005e107cb42bf61e61aa17ff7fad961fe6ca8cb55be01ba9038b88,P03
query,left,S6_buttocks_iliac,62c96c6a3e906a0d7b68d2aa423b41c3fa6c0a2f3abcb0531e9ff99cba9fe640,P03
query,right,S6_buttocks_iliac,d49b3997dab99186e97cf453c9cc0c4ef361aa4f5dff8a711b6270935188198f,P03
query,left,S7_buttocks_iliac,068f19e30e673159e29cf35a71c768ffe896afda3a8cb632b445a71cf776e11c,P03
query,right,S7_buttocks_iliac,e1640c63412d5917fcc85af98d78047e87a25c104c9376eb4b03734c4202886b,P03
query,left,S8_leg_femoral,20949537c912e697544377d06f708e0a50d868f04adb144f09142d992301e990,P03
query,right,S8_leg_femoral,0458e1733611a32814a9a3b483396c047b66cf3187e2480f537140e9e75e8206,P03
enroll,left,S1_head_carotid,d1d2b22b082964973e1cbdb2498c336795ba8350b99f5137b2bb0c37c4431e3a,P04
enroll,right,S1_head_carotid,8f2a1fd21926d0c6c6df0f8ddba44de907bb70710a72470aa76be7723c760a0d,P04
enroll,left,S2_neck_aortic_arch,86b3d472176ee966678008513f7e3c16f0e354971a3c6bc67ec0232e5e1e1f41,P04
enroll,right,S2_neck_aortic_arch,5b1023286622567b4aaa7a3482625dbfd4272fc0bc447426e7106fec458b66a3,P04
enroll,left,S3_chest_heart_aorta,6f9a8cf1c962b0183a0d3e64e9f6bebfab697ca67b98436a640db008f8bf057a,P04
enroll,right,S3_chest_heart_aorta,362cd25a4cc02db99626b082517c73e1d01d3985a186bfc6a75a06a3d20c12ed,P04
enroll,left,S4_chest_heart_aorta,379e550096f428d76ee7d3cfc1a0ca9731e54ef76c9b80279572700791743457,P04
enroll,right,S4_chest_heart_aorta,42c26d95649240ae2b7a0bde3efa237fbfd5537d5db843bb97479ef019d4c2a5,P04
enroll,left,S5_loins_renal_aorta,264c7eaec088bc41a25a6ce2d6fade8b5e238c22a74b85bbd7749befe9ebe920,P04
enroll,right,S5_loins_renal_aorta,4bcda564178b53a83e1c247e26ee38c0cd44521c2a5b0489d914458d0c73fa9a,P04
enroll,left,S6_buttocks_iliac,9327789a0bce84734e59134b8105e8a80cccf984a57a7e9d7134958ec805443d,P04
enroll,right,S6_buttocks_iliac,63741791b6aee316be402274f5fc7c4d800d7eb77447249babad6961e7833298,P04
enroll,left,S7_buttocks_iliac,6fdf70b0ac94659c1a8b550cc8721bbf1a0482efe178622ac93d2c6482234198,P04
enroll,right,S7_buttocks_iliac,751e9298647f5447c93a7e929eef21bf92ba55d97b9ba37b4d436839f4613e06,P04
enroll,left,S8_leg_femoral,f33e53ea0227640227cd74fa7de601f28c930a403cf4a0fd587f6db652685a3e,P04
enroll,right,S8_leg_femoral,18a918945d7fbd536bb3ea772ff51e395024ec8eb7383d1a3b2cce8b29e39641,P04
query,left,S1_head_carotid,8209705b3baeb00844e4f208eb54dc7d551697aeef52986c4a1da62c804cef97,P04
query,right,S1_head_carotid,cf4482009246db1e32a15ea8a867c55934df4dea8bf058f1cd47163bc17985af,P04
query,left,S2_neck_aortic_arch,67e6d7f7a7769639a57720db3d118cb5e6e83e1b1da377d8992c04117b09a240,P04
query,right,S2_neck_aortic_arch,b4918ce475a85073cfde38450a35bb26a0c0138c620086738a923eceb9ccb70e,P04
query,left,S3_chest_heart_aorta,27577cb064f83718bcb67a1a394de675ea3d84d1053c1505214d33579e164034,P04
query,right,S3_chest_heart_aorta,607437b70898eedda50ac0fd68f934c62af4c10369b978dc6ef0d1c18d24cc2d,P04
query,left,S4_chest_heart_aorta,fb4d51ee3016e8a27e4e9e4d046c360aa10e11ec602fa4ad006b4c99abaaf62d,P04
query,right,S4_chest_heart_aorta,278bcfdb7fee98989119296b8f8c6214ee2333a63972f946d16be96790837086,P04
query,left,S5_loins_renal_aorta,c7f950f3be4624549ec004b473c0a8e823320c30ec6776b4fa4bc0df3c645d6b,P04
query,right,S5_loins_renal_aorta,30f496e123482cfcc9320df1e0097028d472d00346d5f67d73ad5246d52229ac,P04
query,left,S6_buttocks_iliac,6f106d85bba62c3d2b42d86f45b7ad70422d3f518134863ec96543285be8fb11,P04
query,right,S6_buttocks_iliac,df81d02059a7d3e45636759e30baab6614d1cdfdb52bd00375f3d267eb800aec,P04
query,left,S7_buttocks_iliac,5528fb2bc85ca85c69f67e17b31bdcc640afb7341cce5c573eab610d0f98ac4e,P04
query,right,S7_buttocks_iliac,04ca9e07d7e96f4be95263e0c6d876f5a0c27a8f1994159c7d746aade3633622,P04
query,left,S8_leg_femoral,372797bd7f806e2d2a31d8becca07a60583d12019fcbe3cc0480213fce3e26c4,P04
query,right,S8_leg_femoral,d71514f0a8a5b4a6c7fe43f63eb8f36fec84aa6a9e722ffab4d3685a5e48403f,P04
enroll,left,S1_head_carotid,2d1f984752ba0872f159b3d7f731c4874692ba60cbc3d43b314f28be7b65a41b,P05
enroll,right,S1_head_carotid,a7fc8243a5e2fd0cc5a7977ad8867a271eaef7bb8b98e4f4d77d7c5a2a99b980,P05
enroll,left,S2_neck_aortic_arch,2fe6dbff47e6b86fc7074f419fafc3c1a7b1e430ab1ddb74c5ddbe3b2b80b91b,P05
enroll,right,S2_neck_aortic_arch,3299a331444d8dc5b671ba59197790235d8111da5c81f62b6a2707abe044788e,P05
enroll,left,S3_chest_heart_aorta,fca07b3f4f1e53ab4c5c7748873d8bfc4751a229e3c5eb603e8f80d3db79e610,P05
enroll,right,S3_chest_heart_aorta,ea0060b288e6867ba1f3a6d9969fc95e6814ec8020b1636bc321e94ca4c127cc,P05
enroll,left,S4_chest_heart_aorta,8b6ecea31bccd25814480ed50f2cd8c0587f78bd86dd2356c9f0235de9c6184e,P05
enroll,right,S4_chest_heart_aorta,0f709ae46f6478dbf0cb0942ace6a8ed585e6970fd907f0de0f9fda9d4441548,P05
enroll,left,S5_loins_renal_aorta,3b3088e3146527e38ba6d2a1002761a76219e10b174c2484aff0fe84e21ff173,P05
enroll,right,S5_loins_renal_aorta,92c260f74765b65e59a3dd312668f57d9941b09996ac0618301ae069de2d7b5d,P05
enroll,left,S6_buttocks_iliac,76cd0d74ff2134a865b9019fe7a04a6830e2697e23aad29f6d42fecee964865c,P05
enroll,right,S6_buttocks_iliac,9cd1c29e351b12b5d25b8e7d3b1518e92b11b97dbafaf7af66809e9ed7cb68fc,P05
enroll,left,S7_buttocks_iliac,6804e5f2fbafb1b8dbffe2f63be866c10c10f0c4d6a51aafa05326494915d0af,P05
enroll,right,S7_buttocks_iliac,c350a92b3e3b057bbb193f66423f9241a67e43151f4d9c3f4fb9b82b1afe52e4,P05
enroll,left,S8_leg_femoral,204811b5a23529615b02b07e612314d50837fd55d762b8640243e724ea8ed6e8,P05
enroll,right,S8_leg_femoral,5a7c2259d1b2af9a2bfb10aa5ecb3c4b7248bacc181fc9649070e539b2b29def,P05
query,left,S1_head_carotid,1fa68a35f10e5240afda98f65e282180358f7f7ae1e9cad441b7b296a79744fa,P05
query,right,S1_head_carotid,123e20c01a187b2f8a0b318c2316284a07e86e5d9515a8304ba400cc00047965,P05
query,left,S2_neck_aortic_arch,225de4bf840c4ac1fe6b1b0c499d79f14b4d31a16844f618a45cc101118ac902,P05
query,right,S2_neck_aortic_arch,8d8d514f60e7eba6f08221ab11a439936063a722a71231cac38a794eb80eccb1,P05
query,left,S3_chest_heart_aorta,d5d6fccfd2e2eebd104f44d38365542675d4f2e13ee9612299801ab40fae6b26,P05
query,right,S3_chest_heart_aorta,89de0535b2c948738cf06331d36ebfe6a076a59b4337b30334726e81deeab8e6,P05
query,left,S4_chest_heart_aorta,f1669a1e4f67e994fa0dece494ae3a42d138801b56d8c0aed79de591a6a9880e,P05
query,right,S4_chest_heart_aorta,0142ce15c7f27fa651f9684ed487a03080116fb5ac4eff7952ea5e99df5bc194,P05
query,left,S5_loins_renal_aorta,a0a956b4524932c171be053ef9f5a51e0c8380c4a143c2c8a57ccc80d4e14fd0,P05
query,right,S5_loins_renal_aorta,8c11ced4ab63792b15b32c05b75cffab78166ec6f77315009c1a6f173e7d5277,P05
query,left,S6_buttocks_iliac,b770f5f7d261d5372d57ec1f33f40484e4789d3058e028f88de5043457fe5057,P05
query,right,S6_buttocks_iliac,19634d501d9eba1b61cfdb63f10486a867d633a694824e32f4c86595a37141ce,P05
query,left,S7_buttocks_iliac,db4c450a6611e9894a6d01b432b42f366ee93d79ee6986dced88873bcc9b170f,P05
query,right,S7_buttocks_iliac,9cd6cf2c44229bb4b2282e773603345207f54b5b08a120eba1b005321c48fe63,P05
query,left,S8_leg_femoral,f212852575cdf35f8921756e552dc48f97521a1a89b4f00e366aac16f95a2986,P05
query,right,S8_leg_femoral,a053c74b5fc2915e6d744bdf4db988ef45e8dee405d849023092b68ca8432a83,P05
enroll,left,S1_head_carotid,effb94033d3df5c3fea2a2ef50d263748ab8e958105fcf0f67d4149d41aa7f7f,P06
enroll,right,S1_head_carotid,45879be18127a13e42f98c4c6339e88b699c344b8c94832fcf8991f207becd2a,P06
enroll,left,S2_neck_aortic_arch,e5613e1ca69a8d70e2619f8f12f3bf3ddf5f9bef6b2f35f0163c2774d7020b3a,P06
enroll,right,S2_neck_aortic_arch,db219357f8b6216c1688960f45b0e8c4bf608bf30eb808fc01141229243d2216,P06
enroll,left,S3_chest_heart_aorta,fd003b79df69a28fdd531534a6e8418db57884a4963bab4915abf6e3f69ac3d2,P06
enroll,right,S3_chest_heart_aorta,2e2fd222a1cc0949ff7d7abcf32999188232fc9a74171db8e98583097ead28a2,P06
enroll,left,S4_chest_heart_aorta,ba53d657012bb96659eb6d7cbed2854e3cfa8874159c9bfd087a77c1597d991d,P06
enroll,right,S4_chest_heart_aorta,db1df04332c8584a326f0d12641313ecbdae217bf0b50878859eb2f5331adcaa,P06
enroll,left,S5_loins_renal_aorta,a7928346841c4a2bd638ecdbb2e01bbe3ba6b638b184eec617a4e93a50bdc20d,P06
enroll,right,S5_loins_renal_aorta,bd3de2a65b69ba592234a0dd41be72c5d66874a089e8dce1fdc0b669d4792e75,P06
enroll,left,S6_buttocks_iliac,39e8604853a30296b84b39f5239932a553212433ae2a1845c307dae01a1f2f69,P06
enroll,right,S6_buttocks_iliac,68dccbeed1195d426009b08f4e102586ed663eaf6bc89a30e5dc7dad6db92338,P06
enroll,left,S7_buttocks_iliac,d6a61fde937e6064ed0f1eba047237c10be120fb5cb43f7fb7bf9e0d3038ee46,P06
enroll,right,S7_buttocks_iliac,cc90c235c0dc73f0fae7676b37cc946bab21664e492a730278b5f9131edb794a,P06
enroll,left,S8_leg_femoral,84689a5e38363c87af3fab36644586d09d1942d028ac24d92ec19360c1085782,P06
enroll,right,S8_leg_femoral,392988ad8ab2f565355a47770d37880a8ab3effe089eb1376bba870d5ee1878b,P06
query,left,S1_head_carotid,536290d375eef563d96fb2a20ada2b2cd56c5cf0bedfd6880eb2167297d4a1b9,P06
query,right,S1_head_carotid,f7d338cdb6e000af094c543df64c73cb28439b27bcc953b1f2f6465625d3883c,P06
query,left,S2_neck_aortic_arch,8555f6e849fb3377d9f57fcff3dea1c375da12ccf368fe34ee1c9035fe872530,P06
query,right,S2_neck_aortic_arch,243b7c3a7370e8702063b4f2056a4dcc484a9f6146c441f4e08dd1602fd7917b,P06
query,left,S3_chest_heart_aorta,9057c615214cef2712ed7d275cda08684d005ceb37e2b5043358b4574510649d,P06
query,right,S3_chest_heart_aorta,5ba01ae881b3cbf906600d71b02cf53b2a18751d3b7d2ddde95bbfe862d36766,P06
query,left,S4_chest_heart_aorta,18506f025e63d827f0c98fb0926214adcbb7d03f15a6bbbac539ca6cbfcf4b70,P06
query,right,S4_chest_heart_aorta,7ba6c6f9e6d400260852f0ce5b8d62a15e02857c7547535053a8f3b8a465845e,P06
query,left,S5_loins_renal_aorta,72c0bc258027647504e1437115b34d429db4e31f193c0744e3a6428347932a89,P06
query,right,S5_loins_renal_aorta,9b6c349f918485b033ad7332ae145f883d12f11c4d3b56b13d269c8bd282cb68,P06
query,left,S6_buttocks_iliac,6e45402632b7ca425fa4d85dc9b0822b35e63087965348d21e20cd6c6731c87d,P06
query,right,S6_buttocks_iliac,417d65940464ddc6a1eac07c09ec5be7c0cd3462823b4a5ae1574ff77f886011,P06
query,left,S7_buttocks_iliac,73a9bf306d723051f8f8c3152807a6756c0d749b7ec7ef34797ea8252b6efffc,P06
query,right,S7_buttocks_iliac,0d872acdf1f0e86aa8ae6739b1040f613e1b0fd55269f92333cbb214292c51ef,P06
query,left,S8_leg_femoral,083d46b2d605efa91ad0b4fa344924595aa6efb2938c27e812f0ecf9277d4ce6,P06
query,right,S8_leg_femoral,5f8f7ebc4f496388c2c3ad77b6c893a13e0c6c97cf459ecbb8502630d7b9a9d3,P06
enroll,left,S1_head_carotid,54a6632e443d32cdc9820c3d3ca870fe28afa97ef2be0eededab6110b24254fa,P07
enroll,right,S1_head_carotid,93bc43ce50d86829925546bf410cbe10608c0d98b2e36e42022e0d216ae7673b,P07
enroll,left,S2_neck_aortic_arch,e2a5fa15ea31adf08f91409c172384679716faccf55301feb524effd036d9424,P07
enroll,right,S2_neck_aortic_arch,a9a151455cf3032a40552e997af6a3cc71a9da431016e3deaa849f2b8e8dca3e,P07
enroll,left,S3_chest_heart_aorta,dca46a844eec78acb385218876cbdf95a6d29304bb8b1b1567c2ec39ca7cdfda,P07
enroll,right,S3_chest_heart_aorta,3ac3af5a34e19477401c3500efda8b20aad2c88e971da52747113fcdf58304da,P07
enroll,left,S4_chest_heart_aorta,0d1df55f74f675f76d791853300ef273b092a1340ee3db2b4d07a9b487dea473,P07
enroll,right,S4_chest_heart_aorta,77b81ddeb8e4d86918b5401110f1e1d8e8ea87071be19cd9722969c98bfbcbaa,P07
enroll,left,S5_loins_renal_aorta,aa4f85648ee128af1d04a32e4e922a3db2456e654f0dd0a750eaf415fa5130c5,P07
enroll,right,S5_loins_renal_aorta,7a8bfdfb3263a05bf840b8b6db467c70b3089e0155ee77bad3473b418c17d3ba,P07
enroll,left,S6_buttocks_iliac,bf32fa1485ae5eefad9696a36f391dfc8f6e82c7c0c615b823c50df325b603d6,P07
enroll,right,S6_buttocks_iliac,df136c75bd0a2063714f401a438c82a33120013a47645272cf0267e0bebe5516,P07
enroll,left,S7_buttocks_iliac,960b65e49289ce13937ec48a690a4aea357b4b078cfa5dacb190c7b53d56d366,P07
enroll,right,S7_buttocks_iliac,4f4627153b92229afe88994c1c5889643ec85532f8362f4563647e4dd13a1956,P07
enroll,left,S8_leg_femoral,15f1807d807346c0e90e43837387dec65fab9fff579abfc1eda29c6233a064d1,P07
enroll,right,S8_leg_femoral,44fe985c816f4b2639ddfdf352e5b2ad6740db9cbe4441bb2f22157813f4fda5,P07
query,left,S1_head_carotid,fcee30c5fc045edb0c88a71abbb3cadb6e36023aa381e3ab51c80f495e80f8cd,P07
query,right,S1_head_carotid,db4c50ff93c908d6c5c04bb2fa299197926ef39bf9cd362a95c79f928fced96d,P07
query,left,S2_neck_aortic_arch,4863d3b5a7327575a734c474ec6b9120b1903882fb8d662fca24230be9cebfcc,P07
query,right,S2_neck_aortic_arch,6392fb6591c5fa3711fd49c032bcb3a2eb3c95a4f127121eaaa5b120b356ac89,P07
query,left,S3_chest_heart_aorta,59a86796b79047316de1b47a46cbe886a972fa3b56354b08eca01edfb8894376,P07
query,right,S3_chest_heart_aorta,af61ff9d2ed819129a9e2c50e50efb1788a18d38255e8e2b38ac873b89c6c296,P07
query,left,S4_chest_heart_aorta,da6782f90a6d513ea8e22599d460d0c43d734507de86ad1e3f314374ada3dc3c,P07
query,right,S4_chest_heart_aorta,a6032ffab2dd58d960045349586e8978426d346ab63d35b6d163ea6518cbd6c6,P07
query,left,S5_loins_renal_aorta,c15e84480f1f09cd9e149b4c49506c423c4765ccbb4182949e886b8928753aea,P07
query,right,S5_loins_renal_aorta,c497bfa427bcbf3f7c6165e31053a9d7a7c65f4eb69196501911c5d36410d035,P07
query,left,S6_buttocks_iliac,ab0140e5976582f45cc371ca9554fbd08d6870f99323f565a1eca7f0938d5374,P07
query,right,S6_buttocks_iliac,c3d0c24c43b4c2b3ff75ffd12d517bc67b90ec311fb2e525f1faef3ec2832e46,P07
query,left,S7_buttocks_iliac,b9c3a63603267546308e9fd211d5c43fa57563cea34fcb4e8ef6ffc1f29f21f7,P07
query,right,S7_buttocks_iliac,f4220c84cc3d48aeedb7b321a901f732afcb1bfdbff933ca2f854a5acb349a45,P07
query,left,S8_leg_femoral,c22c891faa2c83bafd8d58282b7ab6841697b9ff6279fab7e877f85b0fcb47ef,P07
query,right,S8_leg_femoral,742530337789b744a45e6211c10a2dc7302f6812a6d14706b610294e17596955,P07
enroll,left,S1_head_carotid,4aabb78051ca8ae3de4ac38537d21652301d09a3560ccf9626a4714ba3db8031,P08
enroll,right,S1_head_carotid,a458b3b7a0a5e4dc7a20bf87d3fb93497db313bf4901da39181c58dc653fe951,P08
enroll,left,S2_neck_aortic_arch,7800f050a98e6afaf0437fc1efec58a0676971e225f4e87fedcd15e29675d48a,P08
enroll,right,S2_neck_aortic_arch,f7fa151ea3950c18d51e8af0df394e86fde393ce005e3208dcb67bde3311cad0,P08
enroll,left,S3_chest_heart_aorta,94cdf02b67cdacb5e0ebac7fcb9f04b3876e4eb74dc5332058f9f9bf551bc412,P08
enroll,right,S3_chest_heart_aorta,92d3fe4ba7115d760f5351602c4d96444eca94280be2dc8818cb3499b7a34834,P08
enroll,left,S4_chest_heart_aorta,d48c07b7479a92332c75f6e921c85ae4c606a36394e47d18b7f24059d6d87887,P08
enroll,right,S4_chest_heart_aorta,ba5853986b3e9265ffbc7c48030e3ad43aa249ea55782e0c320f7808b7e3e0bd,P08
enroll,left,S5_loins_renal_aorta,085726fb9ab5cda85492ff8c2e603fb8b1cee35fe40f32621975806ad635b91b,P08
enroll,right,S5_loins_renal_aorta,8337d12e69350200b1d693e816ef46d36ffeb5bc98c44ced1e60014abced42bb,P08
enroll,left,S6_buttocks_iliac,237a24a93f4497c1d90977f7571d47d8310711e1a73740a381a4237d4353e842,P08
enroll,right,S6_buttocks_iliac,1cb9ff5863c15f2e1ed6782a27e27ec4a43e8606927bd1965fdccc8f6732062a,P08
enroll,left,S7_buttocks_iliac,ec224642ed5ae685f96f75bd28a1b8b80adbd4d4b1fe356d74765826f95a78cf,P08
enroll,right,S7_buttocks_iliac,507776e5977e57ca90110975db6bcf90d1be968cead50d02d968d389c30561e0,P08
enroll,left,S8_leg_femoral,83b7e358514fa3fc44ff77f2b5aa306d1b9dcfe2544507ceb00f8b9defb821c4,P08
enroll,right,S8_leg_femoral,3d3395fc8418c3c54f72468eba0d244dc45186ff67bed493cd0647ca7825071c,P08
query,left,S1_head_carotid,07d545facbef8d4b5fb4aecbcf8f305207fb8f2ca94997d740515d882d444ca6,P08
query,right,S1_head_carotid,2a1c755d20554199fcd35b74d71366413a880c3b2b8447498f7bfc266f2b287f,P08
query,left,S2_neck_aortic_arch,81c3457809fafb9d3fdb81d139bda33fb86e4cc3756a87a3efd16f899dba4c13,P08
query,right,S2_neck_aortic_arch,6bafb79bfd4a1f7925d0f44eb8057da6d03b6858441953d1f43a7eac80a23cb5,P08
query,left,S3_chest_heart_aorta,bc977ca9f3ba02f68a1912858d3d4e8ff333f435580cbdf6238eaa17e6757ed0,P08
query,right,S3_chest_heart_aorta,57e88def34756820610294938005d04a1270afa39a73a9a897f8414e57478db6,P08
query,left,S4_chest_heart_aorta,c955991648a54ab0c00c6913c6f0cd81adf364ee4aa4a427ade285ee96ee2bcc,P08
query,right,S4_chest_heart_aorta,a206eb98d68edb2f63db6f7e66fa4c2075126d228e42676d7f427bf4a778021c,P08
query,left,S5_loins_renal_aorta,024b2693b1fe8a641a595f766f33f8e35b6f0b68ce1a139e7efafceb7514dc54,P08
query,right,S5_loins_renal_aorta,ec60b48c9f0a666294094085006ee031f98a415c03b1b1a5ef0ff3f5e7bef768,P08
query,left,S6_buttocks_iliac,e6a648e2129400b6be7c84b615a21fd39e872d6c2e8bb1b5f9aa9a3b27440e6b,P08
query,right,S6_buttocks_iliac,66bb2e91cfb6cb1294373a0f41fd35a3b853c03950089e9ed8b34e5258ed9261,P08
query,left,S7_buttocks_iliac,a226c34403b19f6d88d9f4d526c9fdcdad01918acb5479137e70b9e715bc61d2,P08
query,right,S7_buttocks_iliac,7e4d2017eb8981776b00e3670ae82a852e0bc1fbbf3e2dd82da8375bad639026,P08
query,left,S8_leg_femoral,3c98b89dbd5c811785d0eaad11c72f560ed3acd1480af58e2a9ab121f54f3448,P08
query,right,S8_leg_femoral,310a1a27c952ec7be42ede1debb6dedba079a9781cf7800d3dd3af6f801bba58,P08
enroll,left,S1_head_carotid,e618abac4247fd678bd0bbe552c57bfb79e8f9f5d590617483bf9f910b11d1bb,P09
enroll,right,S1_head_carotid,aed9d039d8ac18790fee48c9042a2bbfd02d882d969b8de6ee6cf0e6ef697e54,P09
enroll,left,S2_neck_aortic_arch,4d83ea4e492e1d08dff0877b64e44cdf71261f878c9f2bb37c518c7a0b108c43,P09
enroll,right,S2_neck_aortic_arch,44f7cc17d5d397554d0b5d30a13e2022aad8a8cf834b69ee53e734f70c866116,P09
enroll,left,S3_chest_heart_aorta,4cbc7aad720323dc670ad425020d26fcb2d76dfe9a8b0dc6cc9663f6c2c7843c,P09
enroll,right,S3_chest_heart_aorta,a9a7c71965812f5100b0ed69b4d97a4f4a0a56981ac2e21026c04420dee5283a,P09
enroll,left,S4_chest_heart_aorta,4b2656c0c8f70bde965265a79170d0750c125210d7848311dae7a9f52c434737,P09
enroll,right,S4_chest_heart_aorta,b82a753ca50466546dfbf573ffc65cba28d806a3c46157a79962958b430ad23e,P09
enroll,left,S5_loins_renal_aorta,1c43bdcc9baf9953d76457b8ddc31ce8f42c8cd4a895c9cefdf57191daab30c2,P09
enroll,right,S5_loins_renal_aorta,1bc87e0b212a0e49accffda6c823b9ee82383c7791d21a030ef84bb17a58cd44,P09
enroll,left,S6_buttocks_iliac,ace0af9d0f6ff168c940374d5a7b782a5254f7da7bef9ac446cca08f16110e8e,P09
enroll,right,S6_buttocks_iliac,04608dd4df39d10e74b158954b1318db7c8a1ea471f1c55d59e168be8e4f8aa1,P09
enroll,left,S7_buttocks_iliac,40e032693fb501f34284ed195baa5c83815572f0d376467a7ef47d46b7a4750e,P09
enroll,right,S7_buttocks_iliac,35b37e05568129d31080bb0101570e8e731d590cf634427b8cd4fa9a30bcfd33,P09
enroll,left,S8_leg_femoral,b73218a20db4fa128381c2243fd3f11e80afaa1b9fa0a0350cb5579e67063eb1,P09
enroll,right,S8_leg_femoral,825e92c817b678166ce01c95a83fdb0d16f1db688058bb40db15e3647d401597,P09
query,left,S1_head_carotid,b87894431419598fb95815ab90171868593ad674adb9cd991cf9e652199d4df0,P09
query,right,S1_head_carotid,7b87d3ca0056bb8344ff39a81ac29384a4d1f3a40503ba0726f1d482a6dec404,P09
query,left,S2_neck_aortic_arch,1428c2f745625d030ec9b7b40a247a24a0a1c422a5d1a8ff4f33fa2f8af99a6d,P09
query,right,S2_neck_aortic_arch,afb6673f549128a19edfddce14c1c493b3f19963b8090d236c2171e65c98e6f3,P09
query,left,S3_chest_heart_aorta,5559894775938d0eb27c82ea0b886b558438e7d42dbd6e1b8b97b9335a5fcf63,P09
query,right,S3_chest_heart_aorta,8c3e1f8acca3fb3d20d38f20377d92c2b59ba974b7db26883c038352360dd7c6,P09
query,left,S4_chest_heart_aorta,c31b9ac45d9be08176f3969e15aef79bfa4a437a6b33229787aa372837ebe6d7,P09
query,right,S4_chest_heart_aorta,4a6eb2b4e5c519df6e79e67cb50400e7b29edb8968c68befd1d21a6e6d347a00,P09
query,left,S5_loins_renal_aorta,95ee85d80723db4f36e0be93b05b0f39f3d3d786a1b09159c670faabcd4986a4,P09
query,right,S5_loins_renal_aorta,73ef4b9f8e81ff8a9940ebdbf2c157252b7d1b8db5564300d98a1e33823dee3f,P09
query,left,S6_buttocks_iliac,df12c76bc495b42c0537a6796e6e16d1325cee1802cfe2a9ba571b18756816a7,P09
query,right,S6_buttocks_iliac,c2cfac57fb8a3e6d2bcc6da91182baa6f7c062532bc31f8f0fb4f9e20a52965e,P09
query,left,S7_buttocks_iliac,097773875903f7c71333626ba4bc86bd64319b72b981884882bc6f4febffe23e,P09
query,right,S7_buttocks_iliac,7df6317ec4329ed24f2db34892843f4612a10d19321c6e6eb5e3be256e847862,P09
query,left,S8_leg_femoral,7d06691c0563440c05f9d395b55e38b954f650e7b30e012abd37e15e6b196b91,P09
query,right,S8_leg_femoral,11b88b67b5da826ce48f62df03f904c9751a8dda423474daf5bf7972e06fae51,P09
enroll,left,S1_head_carotid,fb5d1ed95599ac9e18a0063551aa8a1126080c19f89bdf3a6d7793854030810b,P10
enroll,right,S1_head_carotid,36bd52e85bbdeeebabd3cce8e0ecbc46b52b5792f32770bf716f52be06a8e599,P10
enroll,left,S2_neck_aortic_arch,f0100d745224599cc8cbc0fca7cf6bbb1c35bf8357cdf212e49483e1a07f1898,P10
enroll,right,S2_neck_aortic_arch,2daf19cab56f8335653c254ab650cb98be9e762f3f37be9bc7709126bacd5c82,P10
enroll,left,S3_chest_heart_aorta,800ce779ab58b573c9c65ee930e79e27a84e7514b7eb3a4f9ec91f283bd82490,P10
enroll,right,S3_chest_heart_aorta,8e98db0a569fdca07d55930c7c25546a53d730aa07ba9973e6a80f91a864cdd1,P10
enroll,left,S4_chest_heart_aorta,1eb48364c3781e31c316fb5770c29af0b798baaa9804f37768450919bff6e3bf,P10
enroll,right,S4_chest_heart_aorta,29158d9c5e86eef815a184d94582a5572724759e21c65c0cf0d107ec870f2fe4,P10
enroll,left,S5_loins_renal_aorta,34e01e49d2cb40eb5054f72894a6d587c0ca80551ca3b817596d10be1a73200c,P10
enroll,right,S5_loins_renal_aorta,794bd83c90cae10c8023a7d5a18910c57cb3d482089f98f239a5039636bd9cb3,P10
enroll,left,S6_buttocks_iliac,b25e2e68eb538cc80a15a02298f0e35006f2e03f9200e6c7e82bb371dfa576da,P10
enroll,right,S6_buttocks_iliac,afa28252af28ee88ba99fa34f0dcbb1fc1c7e5b741ab004df5fd46109e9a1e52,P10
enroll,left,S7_buttocks_iliac,6cf0e51b4a337fc0c5cbc12a6219aac7d02b204d74774a1a50d7313bd80e9966,P10
enroll,right,S7_buttocks_iliac,2eb7f8e8a78627e3927f0a5939030fb6282c21ee4d8e63865e3d0ddf047c1729,P10
enroll,left,S8_leg_femoral,c05fede5d190e1cf436644d765b68b8efd91e1fa3f3f0ff1f3c1724cbcc3e1b9,P10
enroll,right,S8_leg_femoral,8bbefe5e4328a0c05e51a6c69a8329e79e2e86e16af33e61c7ca237b87f0d221,P10
query,left,S1_head_carotid,4c974780c814b0d1fb934a99f24230c9e318cceceecc77bc11520f4be140da50,P10
query,right,S1_head_carotid,433b9e501eb55646d5a021deb4f8dca3b2f00bbce54b4e2efe42d75d67d4b9f9,P10
query,left,S2_neck_aortic_arch,27f821f8fc80ef8b0150f301be534fafacda5cfe1ff0cfa9224a58d92969ea0b,P10
query,right,S2_neck_aortic_arch,21cfeadbb3f76405f5c85a2a34dc4bc987a311c6862563a733e19be902a5f036,P10
query,left,S3_chest_heart_aorta,7f3191f53f6b08995e331825decc6a3b9ea751717c82e02a9f7542839cc4419d,P10
query,right,S3_chest_heart_aorta,07e4938348cfd19b45e9f072a666558902bd961e5bd09c165421b173931b42c2,P10
query,left,S4_chest_heart_aorta,871fe9d70110f3408413a0e200887d4c975f36017fed15577acaf84346f2b95b,P10
query,right,S4_chest_heart_aorta,9da781cc97ad5cd049da7e5f1578dc5a604858e2c7b93accd89d420056153f5b,P10
query,left,S5_loins_renal_aorta,55ca58234960c970e1ff8959986a7ce56e008c35c36728570688fc24e3a3402b,P10
query,right,S5_loins_renal_aorta,83d663beeed736a04de36197f33b7f67628117e4ba3f1328764f40b776d355d5,P10
query,left,S6_buttocks_iliac,fd004914b8e42f7c8c170cc603600963cc6b4bc220554aab97cd7c651dc1c961,P10
query,right,S6_buttocks_iliac,7020e58b5391657d9a2c1fc816683d1c10c04f14039608a2ddf066a2578adbff,P10
query,left,S7_buttocks_iliac,b8e9beaf775700a2e03114c9407af3678dc6987870504b73c06590a35b7e9427,P10
query,right,S7_buttocks_iliac,16b6349a2f7152ec9f235221232db6e59541827e2e6fcfbf16034a14cb27e30a,P10
query,left,S8_leg_femoral,9d20cee6fc04a2bbfd15977684ad8e5890d950f67b7ab0b3f0e9551ffdb30dbc,P10
query,right,S8_leg_femoral,16182d50ef486e9e605b494561e1d981809959f3bfce67907d1283a19a26cbdb,P10
enroll,left,S1_head_carotid,1edcb2a904117ee560467afce7d8ff3c1739a58c70bf499cc606d0dd9a3aff81,P11
enroll,right,S1_head_carotid,f71dbe6b073daa0cb873ec9be45ad45bd862d92529ac2f4d8da2d8f95e637d9a,P11
enroll,left,S2_neck_aortic_arch,2ae22dd88ff1b8dce5cb02b063840640cae2c554f53867ad7a3b8e8b6f1162c6,P11
enroll,right,S2_neck_aortic_arch,a665b72d3ed1c4d2253f972358002345e71212309dac6489326986b9e7aca1b0,P11
enroll,left,S3_chest_heart_aorta,34d7e0815082b10b79a4c7e64e88d2eecf743851a4af22140686b9b149982691,P11
enroll,right,S3_chest_heart_aorta,c5eb4e6f2e6f5bca18288db66371dfdaabd3211eb9f6fe977f031aef09314dc0,P11
enroll,left,S4_chest_heart_aorta,8d3149c0528a15fecef4c28d8876acf2b266644c9ebbc811ca16cc3da7abf8ec,P11
enroll,right,S4_chest_heart_aorta,d5198b3c8780399486dfb31dbca80e84c3e98978a74b4a9fa49e115cb3bf2958,P11
enroll,left,S5_loins_renal_aorta,335ce66bc640dc124c80b2c39802add14acaf49db4743091b74becba856f492c,P11
enroll,right,S5_loins_renal_aorta,43377611c5ea0d02c0e86f9e79fd363bc1a592e3dfe4b75d28b0587b06b97c57,P11
enroll,left,S6_buttocks_iliac,493eed49fbbc97d7f804de47647d787cd309082917118d111d6796ec9b3e6723,P11
enroll,right,S6_buttocks_iliac,f3474c461804233f39773bea15538ca03e38ecf5aadd21fb3c6354a9483edf46,P11
enroll,left,S7_buttocks_iliac,0a8f13c0fc597c66bcf403950259ade1c51675f6f39bb59c5381ab236bd51974,P11
enroll,right,S7_buttocks_iliac,b4192dd2641e8f54ff53e0e025260c49874c5dab09e3f57a14350473f839f686,P11
enroll,left,S8_leg_femoral,189a41014d90fdaa2355e3fc683d299393fd575adde774c3c93df228eba5b39a,P11
enroll,right,S8_leg_femoral,c5d9f157711a096485e2f979f5d67315828663a624283fc9035961f74cae241c,P11
query,left,S1_head_carotid,ec0bb9ad2d159bb81db4b56a48c69c1263476a404b464774148dbbff806172cd,P11
query,right,S1_head_carotid,6c93c69444ce45199c3f4eeaba04b9b4be967b6c80be23fbc8874eb4ab8d65ab,P11
query,left,S2_neck_aortic_arch,8094cae9403bc31aca97b7bb8c0760eaa9a4fb6870de4a21c39c46c1923054c9,P11
query,right,S2_neck_aortic_arch,42eda72590d24e925ed778033ea9d3ee86a14c8743e6db91068282397f72ac64,P11
query,left,S3_chest_heart_aorta,7ff1369b59477cfb1518ba32fd733f247a4183411f6b3d354ececbb937e89a39,P11
query,right,S3_chest_heart_aorta,789ec34dadb51c883ecc8cdf13d47af9a5e28eadfa8d6728b83e4333fa720352,P11
query,left,S4_chest_heart_aorta,9e316198fe8e30febddbecf6783e57c9a823638150bde576e6c39a3fb672af34,P11
query,right,S4_chest_heart_aorta,6627bbcebc551aeb89d5db98d9e72c53cee26f62aa8bbf77c3cf9f1ac95cdd7a,P11
query,left,S5_loins_renal_aorta,26beda6157031cff6507a969ca4a23aca6fe3b78f9c581a5467db7876eccf4ed,P11
query,right,S5_loins_renal_aorta,377e427a48acd8e0ed73202f0bc810bbf6a5e109a61b12462fc0f65b7a00e042,P11
query,left,S6_buttocks_iliac,947ead9a57c5df70e7259c63b0da5e66591f6db72c01a6fa8fbad8952eead7d7,P11
query,right,S6_buttocks_iliac,6bf086f780e8ef83b7f4dc125295117953edb6c3718e087e508fb401431feb1f,P11
query,left,S7_buttocks_iliac,97a86c8f2276dd372f89c9e30f4cf2259b575d569a76a81536a5b46fe8e20f33,P11
query,right,S7_buttocks_iliac,35df022ace47cafd1c66875bf6d3aa806be249ca5d4d3e48db0a401268802429,P11
query,left,S8_leg_femoral,25c7b20078bb5c4e6e903b667a48fde1bd8873c95e1c8d71e3a04fe486f8295e,P11
query,right,S8_leg_femoral,382fd6f85f9d23e37198b8508489f0a88c48762db4ffd0dc6443fa60a3a21290,P11
enroll,left,S1_head_carotid,628945c19e98d9bb10fef8418171f2ee2a3ebbe89ae34ce77170562b6d1efca6,P12
enroll,right,S1_head_carotid,315f765ca62a21717c8d349a2af819ea51f2c38df9a22192da1ddb4df203040c,P12
enroll,left,S2_neck_aortic_arch,abc1e3c710ba1261aa83c2221e148b215b40967cfb58ced2f81e45aaa27982e7,P12
enroll,right,S2_neck_aortic_arch,37ec221df8028b063dee8fa729207bff077669eb0a916319007df5d589bae93b,P12
enroll,left,S3_chest_heart_aorta,89825ad8557a7ea115b852742959e43a5af52fb70c4e97ba1b0c6884521eb76b,P12
enroll,right,S3_chest_heart_aorta,987bc80faa00f73433b1de9cfc8998ccb5c0c8982fc20e8c032a082fa9bf3f75,P12
enroll,left,S4_chest_heart_aorta,5ba5741a0cf1d3ca8b342febd262c5d6ac331757f9cc39bc3125929d0af53bdb,P12
enroll,right,S4_chest_heart_aorta,c30e4b745e136bd20875599000d9025dba4b11d112cbdf29edcd3da24ecd8111,P12
enroll,left,S5_loins_renal_aorta,e9d2c7f9942b19832315d8018eee83ecbf0b0c017d7f8eb208e59e3773d7c2b5,P12
enroll,right,S5_loins_renal_aorta,14b24d68252d6169b7c32a39a31378118f8cfafc3178add794ff82a2ae37a9b8,P12
enroll,left,S6_buttocks_iliac,86d13c2a6c61efa5b5a332572d54c423583a00ba2a2119078c86b223a95c2791,P12
enroll,right,S6_buttocks_iliac,2428b32b2e7ded742539ffba75339359a644ef7c9e20f7a198d747e2db244f86,P12
enroll,left,S7_buttocks_iliac,6e7d1ed6786f2a5ada9487c535ab6ba5bec4624feffc9c627bc003b05f382cfe,P12
enroll,right,S7_buttocks_iliac,d279344cda7e4433968f03b358e87cf685ac1eeefb83e37f83435e1b7f83ef38,P12
enroll,left,S8_leg_femoral,9364a578885e33ddeab1c56c787a499f57a328842491ce7eeb3e8ba0cd2c158c,P12
enroll,right,S8_leg_femoral,9b5c4738bba557824883e6c59da49ef63e0c7050b1d8b7663ce77e0999da31de,P12
query,left,S1_head_carotid,5336e9aae9936ea70429ece8b87dd4fe97c2bf310197a2641f5d8f4714c5aab2,P12
query,right,S1_head_carotid,35c799be036b0f124992c8afceefdc17ede9278c944ea3d2bb7a92d123ce4389,P12
query,left,S2_neck_aortic_arch,3652ddf3aa3bee63a2d0d8be58910b9d96538a28b7a6fb5d613ee90cebd29a85,P12
query,right,S2_neck_aortic_arch,88871e6167ac0beddb9d36b1557fc908ff926a168f9c2300320146d1d60c64c5,P12
query,left,S3_chest_heart_aorta,ab8f0dfc27aaa0299e70d0c80394a8840fc8d1ebe4cc33afe3862536aaa57eb3,P12
query,right,S3_chest_heart_aorta,625d5b0343643f0e4da5132def2cfaabfc3f526d9a4994f0558252c45c08b2e0,P12
query,left,S4_chest_heart_aorta,54b3c4e7bdcd6d48af296d2d36a8e2863c3bdd3b3e9de10bd4a2c312a9e8c0c4,P12
query,right,S4_chest_heart_aorta,407ec92d4526dae733f93c12adb5c850f5ec66934a122f261fd2a9d22c9af9d5,P12
query,left,S5_loins_renal_aorta,7f0f25863e01980c309c44c5410a93a186be9ad511fd366910c005ad04a86058,P12
query,right,S5_loins_renal_aorta,4497853f670e7eddb5a4608fda85de95c1b1b1fc29d7526db592a5c4f6bc94c0,P12
query,left,S6_buttocks_iliac,6c81cc3786310205396a958d664f314893d09fcebeb5ce022406c7e90642a998,P12
query,right,S6_buttocks_iliac,535f814ad3c614a98f3024a54d77ba5562561aedd84f4507a7c04334685748d9,P12
query,left,S7_buttocks_iliac,99c79f5836438548497777c2151ea64c73f3845c44800b188b1892ff4faed42c,P12
query,right,S7_buttocks_iliac,f77e792fa2213a289da5a06fce990969979085c76438712cc1df842adeaeb615,P12
query,left,S8_leg_femoral,2bcfb07c511f13056bb1448fe063fd20be6671ea041b80f89f10a0f962294d89,P12
query,right,S8_leg_femoral,c480a04d4ccfb4f063342eaf74dccf53644278eb6e4c6c656ad8149b7ec78e9a,P12
enroll,left,S1_head_carotid,856636430c719301e4411a7b075894fe4b0b59d9e1bb26b9a00efc60f3af4938,P13
enroll,right,S1_head_carotid,eb00db4df552214eddde6d052fd9db81907d1613c3e39b799d6db495ac6dea54,P13
enroll,left,S2_neck_aortic_arch,35ad9c18218a25d6a5ea179682aa5483ac42826e512c85eaa2547d0eb5832f4b,P13
enroll,right,S2_neck_aortic_arch,527dba561907b54140bd441b369789fd1176f3e2780e32562f29629e91e6178e,P13
enroll,left,S3_chest_heart_aorta,a73e738e4ea597becfc3fad135152d52db456c2d4b28683d06036c90968cab90,P13
enroll,right,S3_chest_heart_aorta,378918797f89c7b117fd3ea9ac3447536fd5472da040b4e880b53f95dab03f3f,P13
enroll,left,S4_chest_heart_aorta,8180deb1f50df7faf0ef921e11373f3b357b11de676c54f6b2fb0550a426c0f0,P13
enroll,right,S4_chest_heart_aorta,b3e2231c6b8fac8e95c9677832fd42b63f0be83d44b3942857280b6301790df2,P13
enroll,left,S5_loins_renal_aorta,68d00e27e00464480b4c617a1c6453e0956a43a41ef77ff97b4b30d29621bdcc,P13
enroll,right,S5_loins_renal_aorta,fa7e529e0f7fb7558e4355d970eb396e9997b8434f4a622e9bd22c210c02fa50,P13
enroll,left,S6_buttocks_iliac,c7fda412db6316f7c5da7a1b50e57727e3e434654f7c125b06077a2b819c8fdb,P13
enroll,right,S6_buttocks_iliac,23452169471479cea921de2a96fe396bbaf95a8156f0025b8b58a74810a5f55b,P13
enroll,left,S7_buttocks_iliac,e8f43c1610b332dda3e4321202c33381b8a44e260498a976ca6f3013a2876545,P13
enroll,right,S7_buttocks_iliac,a752176ee035a905816616dfdf5e4509e03e64e747b301186d8f2c8a67d7f3c7,P13
enroll,left,S8_leg_femoral,6c5db43e43deba17811172524861f6ae2348d465eea675260d2e1656dbae01b9,P13
enroll,right,S8_leg_femoral,aa45aaa555ba7f5ee5fda0327f13150a2a452da62038b3440a3d758d7391f3a7,P13
query,left,S1_head_carotid,46572971d599d71af81dfe17201b7d0225d9621ddce941af614ee14bf3064cab,P13
query,right,S1_head_carotid,3f3327a4c7edddf01ec9854eeeaac89a5f12040ae6e59cf6a3d84f1ea42477c8,P13
query,left,S2_neck_aortic_arch,d56b13c676b8e0b9536ce841f088debc6ef729205cf7ea3298aa45eea9226953,P13
query,right,S2_neck_aortic_arch,f80fd57622d1d6fe1694993861afbf22aa5003c594ba36bbd3ea19e7cff0dbab,P13
query,left,S3_chest_heart_aorta,9e2a8ee40161675627aacf2cff2d8a88e7a0e26a21341fc0729a3d19722671c1,P13
query,right,S3_chest_heart_aorta,7a77c66937b8f0302171aef8463a0cb73fb0e83818963213dc8d55b990f853f4,P13
query,left,S4_chest_heart_aorta,7eb90fcea46ae2ef07c0b1e5f60eb27deadfab6bcf25d9ca64997337f1fd5b36,P13
query,right,S4_chest_heart_aorta,b4eb65732761c0202d65a5db10498de2b59cd5f5cc1edffaa473e52c7d2e21c5,P13
query,left,S5_loins_renal_aorta,edb2192058bd9d276bbb801eebc99d24a16708b5c821ca3c0bc370b3b738723c,P13
query,right,S5_loins_renal_aorta,cd60a27bfea57df5429a9e0fce3bf5ead392ed92e00ad0cd27896b8b870b0a68,P13
query,left,S6_buttocks_iliac,afaf841746096b5a68e3b7d0b777eed026fba50c5f900ced0a271c07ae5deeb3,P13
query,right,S6_buttocks_iliac,3d9ccfd59d3084df9b32e69d44d19b62333aaf737bd728f34a8946463cefaa27,P13
query,left,S7_buttocks_iliac,751b53d3dc729fafd6bb0f7a5123ac11c8ed89e9c5db03faf8c339be9b3ad083,P13
query,right,S7_buttocks_iliac,94637ef439ac85de29adbf28ddbb4cf1f821ab0e31369af57554258609a6fca2,P13
query,left,S8_leg_femoral,88226c2f8994da347a288b66918c247980da8b7ba9bb926dd76bc6c9a5396ef4,P13
query,right,S8_leg_femoral,c59c63a334029c55cf720f9a585eca9ec6514a3ae574da02e1428313627d78c0,P13
enroll,left,S1_head_carotid,7b9c96922e15e9f7096c0750f93060675b439036ca042d08586982a6f86c935f,P14
enroll,right,S1_head_carotid,91167aca8fe07339987d07780decee4ed8bb6f54bd4ae806940ca11e44d05ac8,P14
enroll,left,S2_neck_aortic_arch,1ad3944df9e5ef735819d6d557fd2151079777cf58e0c371532c239552005820,P14
enroll,right,S2_neck_aortic_arch,95d04cb0bb3143f73ebe50782efa5106c829b9d1583c11fce3e92af370caee39,P14
enroll,left,S3_chest_heart_aorta,1eaf4fbb3f713c1956a437b2a75a67c243c57822b6c9eb4b369f4cfbea8c2d6a,P14
enroll,right,S3_chest_heart_aorta,10e0f01f817f50397058c57e265fc4c32652ba8afe04e5ec94f585d173a036b4,P14
enroll,left,S4_chest_heart_aorta,006fce45cb5e2cef24a9bde257a34eca99dd2edeb2ecf0c94fefc700665a6d54,P14
enroll,right,S4_chest_heart_aorta,c38f81ec215ba1735cd93d8232c3072f3582aa0d7ef87b7f6c4238096cd31f06,P14
enroll,left,S5_loins_renal_aorta,489fa01f9530065c6801f26cca52d883afcec82e10c68ae3f4d6210f36536de2,P14
enroll,right,S5_loins_renal_aorta,1560f5848470ab2ebc424d49f031a7d8c7359e0df6a7afaf3d6544707d8d7520,P14
enroll,left,S6_buttocks_iliac,bd3593a3c6bc2088f7e3841667ca571200417cc787a71981f38e702bd7c0e369,P14
enroll,right,S6_buttocks_iliac,772a8334755ef4d1cd28c8b0069115ad0c4ccfec051f3ac799670d54552b0df7,P14
enroll,left,S7_buttocks_iliac,757331a9179100e8b1100e5f80e1fcaf203c37bb9558a45d02398b1d7eb0f646,P14
enroll,right,S7_buttocks_iliac,fdd3b79c5a23e4ccd02ad4314ae9bd935f59b4437b023ab27702c8a2567dd659,P14
enroll,left,S8_leg_femoral,b12969b24810645392f99f1af64e21f7a8591e3c9dbc07191a9bf1498ab73742,P14
enroll,right,S8_leg_femoral,d9c0a5231032d7a17b743457cd2a0ebb501a890ace2df79a5e751929d5ec13e0,P14
query,left,S1_head_carotid,a12ee382247ef0fa6ea8502313b5dc91c0751392061fdfe3e9d3c261cf6e1219,P14
query,right,S1_head_carotid,831a3192f3fa66e21b2d3eeb053b25cbbdbb52a9010c7e60336dfb6ce7f5c407,P14
query,left,S2_neck_aortic_arch,b2651c2ef70e057aeb40ffa603daffcc6572e457971399e0d9b3ccd0fad1fdc8,P14
query,right,S2_neck_aortic_arch,543583917b7612fe398628ba4a73b584ced2f93238099c378203c06d64630194,P14
query,left,S3_chest_heart_aorta,14e193a526e64f15eb6131c5222e97495e1ca5c56bf296b2d117ad36158a9b3a,P14
query,right,S3_chest_heart_aorta,ce221b7f3e6964da9e9302c5a27394eeb3c9e4a6b41f394b3c99707735d2a69b,P14
query,left,S4_chest_heart_aorta,a1f7dfeb8a1ba1f509ed721967c8c4ab838105c373a2003bfab4bd5dd8a217e8,P14
query,right,S4_chest_heart_aorta,a31d916abc57c7894cb8d8673cb6fb2218735c68c9571869bdaa16f750ce5d26,P14
query,left,S5_loins_renal_aorta,635283d0b358e181cc715706a1a3fbb5e7bafc2e5851577f6ea1c9b00fed964e,P14
query,right,S5_loins_renal_aorta,ddce3275c32342d292def486319234e3007b074ac5bc9c764cd5968d15a98833,P14
query,left,S6_buttocks_iliac,bbb1ce478916cffeb1ed6ea85ed934d3c0df3b14c695a9febc220892dc1d25dd,P14
query,right,S6_buttocks_iliac,d661e346c9bd8ee849992169ed343fdea269a9253637e5ce31e2f73b2517e3af,P14
query,left,S7_buttocks_iliac,81fa90557b7f4ff061e5449b12583a4b945e1d730f2503d9036ce664091cb8d3,P14
query,right,S7_buttocks_iliac,e14474195ec850b4e390d473e8b2201344b2ff1efc68ebe7435bcc2a4aa2c4c8,P14
query,left,S8_leg_femoral,9aca6f821ffa8399d77639a4f990a4c82b102e5e57074950d66e35a6603de2ca,P14
query,right,S8_leg_femoral,afa00d81c65c5c7c4594ecb10ed67a1a7f6c24f493de184b51dfc98559e298d8,P14
enroll,left,S1_head_carotid,35cc000e48e6d9c9204196cb55710ec8bdb94307addbd8294ba67f1db6f70f29,P15
enroll,right,S1_head_carotid,430c4fc3e23e564c7c4bd91d9471149d7a049613e350763c15519241ed5e2b84,P15
enroll,left,S2_neck_aortic_arch,bde94dd346a9e10df16c8881c6beb8db74b342bac68ba42e984a09bea423b796,P15
enroll,right,S2_neck_aortic_arch,a9c8edc4ae692c245cfb77cdf99fa8ee0cd401c27751d8e5d08a99c14365cd1f,P15
enroll,left,S3_chest_heart_aorta,8d4847c4ee643bd659708c01b36d9460e234cd0076fdadb34719c73b834c0816,P15
enroll,right,S3_chest_heart_aorta,2c6110bbb0fd7ca1c07da6ff4c49e53aeffce93290fd6500cf87da8598bfed5c,P15
enroll,left,S4_chest_heart_aorta,b302b0dfe6f594de38c56003a6703d86eb7b71eda26771186ea73980cb91e149,P15
enroll,right,S4_chest_heart_aorta,ac6c0c34f2902f8526829de82a0feff222de5d719decadbafce80a326a7562ef,P15
enroll,left,S5_loins_renal_aorta,9f69fb9cb4f60e9217849967cc280688ca28419c59be60c68268d66cd291a4f8,P15
enroll,right,S5_loins_renal_aorta,7ca1a8b9693f8790345805b865bb5593c1406f924729d969aeb19027397c1c0a,P15
enroll,left,S6_buttocks_iliac,ed05b84d5a62e3df8a8ad597792cf5f01e63e74c593a0e351d4eea8707342624,P15
enroll,right,S6_buttocks_iliac,f03a393f63c999e486d8aaa3d514f47371174be4f3b0e772180d0b2b4f7a1576,P15
enroll,left,S7_buttocks_iliac,5508cbcf8feeed7e31c1699791c39eb29b837805dca3bef1bf8c7f63d28ff2c1,P15
enroll,right,S7_buttocks_iliac,1dcc4a53d9a286ee978f02688b0b8ce3978fe112e4d1f47e3799b460ca9bfb85,P15
enroll,left,S8_leg_femoral,d9ef6c68ba3e9786f90c37bd8bb98e45b23ac192c407b8414f473e3e22df6147,P15
enroll,right,S8_leg_femoral,7584e0f641404e36dbd04b3e04eb2f3a41e313cd09a32ae3a287fa409b485ed0,P15
query,left,S1_head_carotid,282e37083a55dbffbdaf414e2c2470bc233c9672c042b1b0a2f871faa274b0f8,P15
query,right,S1_head_carotid,176ff83c2524dc35a7b0c3249555b99908ed98a9b3b1598842b3cf224cd66d96,P15
query,left,S2_neck_aortic_arch,2707c66f8cf8c98c90b503f68e1b866302b74dbab219036b916bc1955e0ba585,P15
query,right,S2_neck_aortic_arch,33f69dcdda08dd4af2668fef1a4ed93bc456d6c887cab64bae2309c3abfa8661,P15
query,left,S3_chest_heart_aorta,bddb0fcd0b9db8f1af691868e7486d2dc352c58863b84feef745c7c4af6f5bbb,P15
query,right,S3_chest_heart_aorta,89250621cc7d92ac346ccff3655a37f3c4e4a5b46f5d29b835843c19d91cf9d3,P15
query,left,S4_chest_heart_aorta,70172c2ed200d04937e3d00a3e3a21b970ac64983ea36597a7d2ff7bd244cb3d,P15
query,right,S4_chest_heart_aorta,0693584a3c0d419731baef6cdb01e4719eef151b9c19b21eb3299857faf1164c,P15
query,left,S5_loins_renal_aorta,eca84e22c57e4f34670661dbf27ab9c116aae69d2ce4667f7048d1c5721cbb9e,P15
query,right,S5_loins_renal_aorta,5ebf52efb6b18f4cdc7dca4c00f695724eab6523c2ec1ec6c38e25422db56aa0,P15
query,left,S6_buttocks_iliac,0abce78eec9681572d6841bfd695c89628ea9b34c3df8367b03d7542f644ed8a,P15
query,right,S6_buttocks_iliac,f8d254d13542d73407438670c94c112ccb24e99bb839208f87614c8463c92aa3,P15
query,left,S7_buttocks_iliac,707a5a1b3281864854043c085e96b2f8a4ffe35d0ae2b1268d7977d248a97f1a,P15
query,right,S7_buttocks_iliac,f95eb25fdb3d791b71d71648adc7435f377e880b0499cb216f3c4aceee9fa664,P15
query,left,S8_leg_femoral,cb9cf0faa69a8970d38957f6a7cf06b205759032199af21d96211834a1aa7412,P15
query,right,S8_leg_femoral,836f62a7caeced7f69ef4a9e50969c87fdf10806f953e5d89fd3ba5d5b4e18cb,P15
enroll,left,S1_head_carotid,b121a3d23002b53328a85a0e79a811e6728ec77eb42be6b86bffd1dfc9fcb4ae,P16
enroll,right,S1_head_carotid,940e32195220b631c5953dcd2614f9158a02a52cee78167d41b6b28bceecf41d,P16
enroll,left,S2_neck_aortic_arch,5586f0a32074702de6d3cc3fd2e46e4dee49fccfc29039ff9c7d301deafddacb,P16
enroll,right,S2_neck_aortic_arch,06b129474ad0b3e730ded3766ecc46ec6d6678aba49a7d9bc87c5251b2c9d3f0,P16
enroll,left,S3_chest_heart_aorta,193ac20ebf047ae1243e8deb00b4a2103453a008649c5dcc48369ce0e71ac5eb,P16
enroll,right,S3_chest_heart_aorta,deb293194691a9088d100a67d2e308077e7f02ae9bb68a578e6a2b7d15235974,P16
enroll,left,S4_chest_heart_aorta,4657db858545c3edabaa72be933340e47d3cbc30093f5f0d54a026e8405ec140,P16
enroll,right,S4_chest_heart_aorta,09c6ddc4261ff61c6ef30d4ea3f061db183378aaa28a0ff648818bc7fa9b739a,P16
enroll,left,S5_loins_renal_aorta,715cb1f2a46bc0fe1fbb8a75b81fc847bc0fbc10bdc933132ebf445860c89d13,P16
enroll,right,S5_loins_renal_aorta,a242e005865407dd1cc75ca041beb4e67f33ccc4bc0af4bbc271e7e906e17eed,P16
enroll,left,S6_buttocks_iliac,3cb2b15b71f3e3169913af50105ac347ff7faf7a27d4841c9a82cff3fca32eaa,P16
enroll,right,S6_buttocks_iliac,e15f0279dfa79b3b1dfde74a644b7482c123e790751e29b78a69a84071277419,P16
enroll,left,S7_buttocks_iliac,bbf9c85792fb4804b156aeeab224c61ae437c9195675576153efd45bc4606681,P16
enroll,right,S7_buttocks_iliac,20b196e096c38af1eefca09a32dce239dc3f241a5dbd7f1d525f0877dae245dc,P16
enroll,left,S8_leg_femoral,efd2768c18b80838e476195bb671df68e36b37ce4bc6a2fb04f961f9e875a732,P16
enroll,right,S8_leg_femoral,3994798effbe3dd562ecd7ca811dcba9f4051e681bfcabfc38490f1d1941be80,P16
query,left,S1_head_carotid,e5090f82dc9df24603e949ecd74c3d6e938995b507270afb8cc9cc485d4a989c,P16
query,right,S1_head_carotid,1878b3d8098673ba0498b3cad26b27749afc6dbb07050379304e9def640aa0f8,P16
query,left,S2_neck_aortic_arch,9dd8a215fb3e7a2eab2f0dd0c3e45bd53aa0fe2ba6f5e991b7cac3060dee6b70,P16
query,right,S2_neck_aortic_arch,fe155f6249715129e31af2dc2938030c666d739fb3ff70fd85cc08977e1fcf84,P16
query,left,S3_chest_heart_aorta,6e04da97d2cbf00682907231a38934ece2dc6e7c8e350cdb728c6af0df84fc83,P16
query,right,S3_chest_heart_aorta,1519d188df28d5e00e41fa6470fb5c03cd55632e9439d40fd80a50857119ba31,P16
query,left,S4_chest_heart_aorta,003940e7eca4ae83e2a525bc33b793a4c97c4d3ede9f93a371c3242404b1a530,P16
query,right,S4_chest_heart_aorta,3006ce0ff0d3c63761d8af48fdfb080e0e6291792619f98b44aee8d336894ddc,P16
query,left,S5_loins_renal_aorta,ef208dbb625a25964e7b5d6df353ffae62c961e6b553732d7e03ff3f3139b65b,P16
query,right,S5_loins_renal_aorta,58b95aa9805fa98aa4e2d9a3cc34cf555b2f80ca2fd978fbbd4429f62cef53ef,P16
query,left,S6_buttocks_iliac,b76cadebb83051cb30aa03fcfd7f1ac265aefe46011e5a3c8c0b70f4a9585542,P16
query,right,S6_buttocks_iliac,2e913aa98154b610a6cc17f9f5fe0db93e094d8880a7b55b0a95684091524b28,P16
query,left,S7_buttocks_iliac,d59563de7c1dc91e80430846675c884bf3ff329121ea631c5c0b0e39b1b63bbc,P16
query,right,S7_buttocks_iliac,516b243365676c34f9a4003d415ca7376e7841d494d1e89951f271af1a61de74,P16
query,left,S8_leg_femoral,73a20228c0ef702df5c37b8f86c913fb34b7ef361ce85f71a1a16f2d456b6d07,P16
query,right,S8_leg_femoral,17f1c26eb35ae32207b058611d5449d37778dbb7092a771009b6596eb28931b1,P16
enroll,left,S1_head_carotid,2efe650e6eac02438b5a5c44c638188aa5ef95ac61765258abec562d3510951f,P17
enroll,right,S1_head_carotid,abf37e80f01b0cf95bd1982a57991d448a843b4d5dafea7e4d0eb00034de48f9,P17
enroll,left,S2_neck_aortic_arch,5c56736c5643bb2d4888e313aaa32fa2cc1f9d335bef4fe0c848c51fb86620c5,P17
enroll,right,S2_neck_aortic_arch,cacb36b26b68a1e2fc2d1cafcd17dade217982572e162da1b5c0283d3fd10e25,P17
enroll,left,S3_chest_heart_aorta,eafc28634fd5d07abed7a5445cbadfa0c0c8114a96cd34afe9f67c7709eeadb2,P17
enroll,right,S3_chest_heart_aorta,62bd5493e6e2e34d47674d9d6f050a4f8e6002e1bef6d00fe2445e7235061aac,P17
enroll,left,S4_chest_heart_aorta,03258c7343d06f95c844ed63fcb191092b5148fb8fdc309c75be0ab26808f776,P17
enroll,right,S4_chest_heart_aorta,cec0a75ffcf97bb73d8bddf19558cc897fef9f910d06c7464f7bbf07f66cb953,P17
enroll,left,S5_loins_renal_aorta,200d1ffe9bc3fbd633e4c3f9d42aedbb1cc4c234ac10bd9017602c69b7fad4b0,P17
enroll,right,S5_loins_renal_aorta,63fe4cc4fdf040939f81b93faf938f41d7049fe0c11c6b7953a2798207e7d39c,P17
enroll,left,S6_buttocks_iliac,efa71a967d774b7da4c9528f27e4918c1610ee2d7c6a90c93d09a81525a22204,P17
enroll,right,S6_buttocks_iliac,84968819014645e8102bcc1370619241da7f268dc764d11e604cacafb761bcae,P17
enroll,left,S7_buttocks_iliac,345a38516f3bf42743caa3e890ecaf9a85863bc17bc4982dec6b71739fec7dfa,P17
enroll,right,S7_buttocks_iliac,2f27fa77c423035a008c4d5d2fbf20b8026455e4895c5175ebf2ffc8a815e56e,P17
enroll,left,S8_leg_femoral,77cdf82829b5bd9443c768f0d0ad476db17fd00ddaf074d0c1852e46e1d2856b,P17
enroll,right,S8_leg_femoral,b1f2cac5313b53020d0757b4165e7965dc1b47adbdec6456c0c809ebe9ab646a,P17
query,left,S1_head_carotid,eb31ead352af1551cb8334ed9c5d631a2efad76e5ff2521e2fc4abf234decdca,P17
query,right,S1_head_carotid,21fd63d5b2ba8f15c4b8a72a08475a761f559e28ae7aeb83122c017155d05ed9,P17
query,left,S2_neck_aortic_arch,13dc9c5cd9bcf6b79f5b80d6b310739b08f1d585c2d313dc865801ea097a80ca,P17
query,right,S2_neck_aortic_arch,bf227486a3b64d94b59881815f9d344eb393e79d4c3cd46687a95adeed740e87,P17
query,left,S3_chest_heart_aorta,6d6abf4068615f00ccaf5f386cb6d010ea14cf0571cf543c1e36a04efa08260c,P17
query,right,S3_chest_heart_aorta,08ba07c99fd9c83502444eb88df10afefff56308af1f3974dd67fd766c893bca,P17
query,left,S4_chest_heart_aorta,41a69929442075eb90d4e5fd24ea1105d42f5b0c52f6b8ac745981f09d960669,P17
query,right,S4_chest_heart_aorta,1fd1925c70fdb225ba1425a9525ddf9e45025e8cdc09ccc39bb5fbc55a63010d,P17
query,left,S5_loins_renal_aorta,e10735c56080124fbac8144e912afe8287b1a5d0117dcaeaeb0ae693cfa2bc1b,P17
query,right,S5_loins_renal_aorta,63fcb7058fa0a4dfa4182d50a2d65a06831923ad64674c083349db015326b982,P17
query,left,S6_buttocks_iliac,53fd83e58b6fdac8079d61c9674e22fe6b30c92aa3fa3e4c4fac1390c6f586d9,P17
query,right,S6_buttocks_iliac,0ec3f2e98196593767d920cdf506e32f05d9ec715ccec4928dae9454e6f4d753,P17
query,left,S7_buttocks_iliac,e980ec8a9e84b7b22dc8193c04f9c32563204c258e8b61b78f7a8edb7f470a2b,P17
query,right,S7_buttocks_iliac,95af72f2585e20fda4e4aebdc4f3c5cbc83f55af462ea0f8985382f167e5995c,P17
query,left,S8_leg_femoral,961ea4e30fa732ecec3631ec5ba0543b1b1f1ca89eea33b07c9e02212198dba8,P17
query,right,S8_leg_femoral,87e1d107451d9964f4cf8ddd952f37acb8048c2ef02c5ee3c3102794649ffab0,P17
enroll,left,S1_head_carotid,2b9d16434370d1078f6acb10c612f79c91e7f6fb3f079eb13f53ad4d1bf7a598,P18
enroll,right,S1_head_carotid,23ea0273e1405a7b7fbe4bc53fc0d9421b45294cb1ec656588308fd8f845d43a,P18
enroll,left,S2_neck_aortic_arch,1fba0a56137a1209bcadf646f175bfc2555e658324caa584b61ad3b8f77e2f9e,P18
enroll,right,S2_neck_aortic_arch,2f3b171817e2a4c0bef3ca693d91b2aed5e9add615f93ef3354c7d5685014025,P18
enroll,left,S3_chest_heart_aorta,34fa2040b1646ad429bab3ce422165face9a82e7c00a07ccacda705ec757bc05,P18
enroll,right,S3_chest_heart_aorta,e0589bc365270ef4fdd92bac75db791c856d46b025c49ed3f824fb99fb562b0d,P18
enroll,left,S4_chest_heart_aorta,d721df27d5e140bfec20d3fa1807e31f38dab65a179f955fdf048454ad75ea7b,P18
enroll,right,S4_chest_heart_aorta,7bda4abd668d1248c6ac81fab3533e4bf467e26f5865988e896b4dd0c102e1bc,P18
enroll,left,S5_loins_renal_aorta,e9ab6fd805f8420d874e66db26581ebfaa3a90b1f81585bc50a94b0c3e8512de,P18
enroll,right,S5_loins_renal_aorta,f244ec45b72dd3c9465cf0794c9a15f6e4f59024b2fb01fd99f260eeb155e6d1,P18
enroll,left,S6_buttocks_iliac,23e9ee85d6b556562bb05a2a2f6cd4a8571f213bbedfd3fad4578911baab5f7b,P18
enroll,right,S6_buttocks_iliac,d3fc9c5898ec42a4cbc993757bb065b73860c340f48f22ad89bb4a38c0fb4eb5,P18
enroll,left,S7_buttocks_iliac,3371798be86b10d323b681ff5035ca59e36946c38cc261df54ec9f022d16d924,P18
enroll,right,S7_buttocks_iliac,4ec5158f378475c7c0d65ac31dfe122606873fed6ed2ff3088de6584d0e51121,P18
enroll,left,S8_leg_femoral,f8d684775a914e04aa6032c96a4aea985dc630a821de9214287d7a843527fef7,P18
enroll,right,S8_leg_femoral,1dd7b8051ca79d41611a95007af8a430f0c6d3d2bd25972fdd626a18237e0241,P18
query,left,S1_head_carotid,9540856900453b17c12edd28d5e09db956b3c41f87a67d4a2aa7ea636b5a6881,P18
query,right,S1_head_carotid,9ef2e06cd5ca755e42994f28169d593f37d383d4244d813030f949744efd052d,P18
query,left,S2_neck_aortic_arch,13559eccc96a0b18978b974a764c724a14c8a3b3a55de6b1d2d66e61f40dbc69,P18
query,right,S2_neck_aortic_arch,4dbf72ae3811cc6f48fc0624d27e5449e840cd74767af6208aa0ad802a750ef9,P18
query,left,S3_chest_heart_aorta,3655fc79f2c7a835ba80fa4a2de15353477f3ff3d93f911b3ccfb5684a0aea09,P18
query,right,S3_chest_heart_aorta,8d8b94965e1dd9b621bbc5bfb083302bf0f46ef5e0702d282e4efd1288915420,P18
query,left,S4_chest_heart_aorta,3292240044028f9da7bfe09f88c78ecfcc1406ae9ee162bcc8b70156463a07c2,P18
query,right,S4_chest_heart_aorta,d805e648b75fabf872faca463dedf8e88aec2f09f1fb86cd8258bb18b84911e1,P18
query,left,S5_loins_renal_aorta,d23d96560da204660e51fc7ed036258243d005c509fd9969f32353c9502c46df,P18
query,right,S5_loins_renal_aorta,4c9021406b7f0fa820937af22186bedb59eec4942351e6f9521fe67efe167efb,P18
query,left,S6_buttocks_iliac,a406d750163c7309175236a40eeae4e333ff3dda6ed7b2bde81e9d4206cca534,P18
query,right,S6_buttocks_iliac,fc22b700c5d5329a24d7b4a80625bc93cbe66fc8a2e3ff5d332eb4ccf21970ff,P18
query,left,S7_buttocks_iliac,646647f14712adb6f9a23bdf261ca038460a5b888551fa6f36f5339c3d013c9c,P18
query,right,S7_buttocks_iliac,e5807b5b961591fbbeaa868c74dcdc7f09172b2df2170199696eff7e5f189ef5,P18
query,left,S8_leg_femoral,83c58992d9fc8376447ac4a8017aa8f924bd3b32aed1f5de1976ee2de1052e57,P18
query,right,S8_leg_femoral,ff35946b6d970fd0627783758c7ab8822741b5f815321d31b1e19ca393e8a41b,P18
enroll,left,S1_head_carotid,16db7eb7b3b15948016d7cde1a879b6af7873b6795815444fec4a4a262226bbe,P19
enroll,right,S1_head_carotid,188371dd23f4d29b7316af73078178259ad3f7f50e77a747283af3cd7563a45a,P19
enroll,left,S2_neck_aortic_arch,411c202645ca739da677adddd5c5cd5dab5c48a0db4632b7dbb6ab1ea7b7a584,P19
enroll,right,S2_neck_aortic_arch,ac998e4c43d7d2b74b937a944b57438391aa320410991526fd03d53a2a76ce87,P19
enroll,left,S3_chest_heart_aorta,b456a621777c6f34813ec1b7a223af7a0a845668b7fb87b1121760271e2cef6a,P19
enroll,right,S3_chest_heart_aorta,1a3ef1f50cbaf54b501fcf8a64a9742a9f24b79581ecfe2806bc426321e77174,P19
enroll,left,S4_chest_heart_aorta,26afe09d1112403d755e7e46ad70d34c2ae5285e801505ad8c45539dad385af7,P19
enroll,right,S4_chest_heart_aorta,98085d3ba6e334db1399335857a03d4f9dcfd491286633964e5757162ce72df0,P19
enroll,left,S5_loins_renal_aorta,ad42125c4f51e8629239e587fc7c2263157a509eeffdaee42975802497b8ea04,P19
enroll,right,S5_loins_renal_aorta,0b052aaa69d40ab25660b7f179a8863f603fefbf60e23a65ba315cacadac0265,P19
enroll,left,S6_buttocks_iliac,c561b3db9bc8c0be57a7bff41c376345457a9827a512efb5a7505c4c26045a7e,P19
enroll,right,S6_buttocks_iliac,8a20f7c908b24cf5704bf0c45d12c1245d19c2fdaf140cd77c61f085d6739293,P19
enroll,left,S7_buttocks_iliac,879a883e847d61d65bc3f3943d649d21ffd32802471b2b46136cb52c0a188248,P19
enroll,right,S7_buttocks_iliac,f0e76aa0065b035341b6556f661009c25dcfd02f5a3fe161134d5a23a34fc5ed,P19
enroll,left,S8_leg_femoral,aeca62d66852526b7fe19c1cab80065a4632e4878f62c85e18d241f9e1ea15cf,P19
enroll,right,S8_leg_femoral,30d46aab7c30d1a6ffc21b15e67d6e0fcc782a09365213710ccb0bb112e62bb7,P19
query,left,S1_head_carotid,9b52b541b12a2cfa35b22392108a35a69bc13c0e41bbaa8e0b2f4cd00d47e8cf,P19
query,right,S1_head_carotid,23eaaed52e7c4edd681d8e8595ce2a8398f22e030fb9b562dffc40cb9b39d452,P19
query,left,S2_neck_aortic_arch,0f2f3baf8feb9072a93b1d8125c306a071abfff04a09c610bd3fdb8c755b41c7,P19
query,right,S2_neck_aortic_arch,59f833af04297b4777e2edd87e0dce83e519a199db909fbf6909081759dc18c9,P19
query,left,S3_chest_heart_aorta,9f8dc9d68aadbe67e42ac6326954ca2884093c5acb9247f62f6dae5287bfc5a0,P19
query,right,S3_chest_heart_aorta,3d7fe5497132d69699f5455fe34e93f3a666e6e9cfb4b5fb6d8036dede7f43ef,P19
query,left,S4_chest_heart_aorta,58e30643765a1e62404f0f9a107b79d015caa495a6e770cd4ed9656cafdf5e13,P19
query,right,S4_chest_heart_aorta,c376973f07e38e3b989919b3f97b881148344069218db11d176f8a29b2175254,P19
query,left,S5_loins_renal_aorta,abd66a7117ed74f3861c147cd13da6a495a5ae4111464e988ccf9e1a56ef9089,P19
query,right,S5_loins_renal_aorta,e5667133fdcdf19db941623a26f6e88c02676cd9510e4af98983d6038a3e9ffb,P19
query,left,S6_buttocks_iliac,3e9d31e2113c6f4de4770525f8ca3de869abcbf302a09b970e3ec5e31e0e2156,P19
query,right,S6_buttocks_iliac,4c5254813241077e03118204a5b0f08af662cf65aef8f9498fe718e226cfd2d0,P19
query,left,S7_buttocks_iliac,6730ace19fc4d041c8cf220ea03586749be390da79ac1503db2621936410cd26,P19
query,right,S7_buttocks_iliac,5944b2871bb96c87fc3f026bfd8142daf64c37cfceaa10c8d586e44c16ecc8d1,P19
query,left,S8_leg_femoral,97d24f8673bdffe758d9633fe25fd600771be351adcfab72bc3aadf239074e74,P19
query,right,S8_leg_femoral,e0cbdc5fccf84e7fb513b3d95a4c8d75952c135e568a48c949d13fa9880daa34,P19
enroll,left,S1_head_carotid,d8f799793a32ff3588421250f1de6db97601d93f067f684722a2c4fbf1b7e3a4,P20
enroll,right,S1_head_carotid,3b9f7328839dc97b536066cef979183e35b075dd17c491272bc9b29617410aa9,P20
enroll,left,S2_neck_aortic_arch,368fa20046598daafae591a8633042388753452c2fa81f68fa0b04ab1f7d82d4,P20
enroll,right,S2_neck_aortic_arch,63541cc652c67184aa22a5114c141f7d390d39cc23b90bff8a63779918889ab0,P20
enroll,left,S3_chest_heart_aorta,2a8ac957d6a10bb62179ff7bdf80b012f324f506c3fabbb3bb83ededcadaf3de,P20
enroll,right,S3_chest_heart_aorta,a676abcf135c2e2fbf93c11fb7c002ac3e4ca0a55deea15ece487201f14d9577,P20
enroll,left,S4_chest_heart_aorta,4d334b24f8b6473b3ac74161e6cb288291486f3011d7af17833ea038a460386e,P20
enroll,right,S4_chest_heart_aorta,f31810b82e647934ea0eb44d8cc5532180efc8448de4bfd876e6e0986a1ab34f,P20
enroll,left,S5_loins_renal_aorta,c1aaf2ea79969ef03b29a13d6653db3075aa4a17ae92b23bb60980b09560a086,P20
enroll,right,S5_loins_renal_aorta,bb82cbfae661d01a2d3f277b793176bd33396728144ddd550f2f877be843c913,P20
enroll,left,S6_buttocks_iliac,86095403b98ceacb8c1a7b6d336a14ba709128fb3e824f66e6f515894113af45,P20
enroll,right,S6_buttocks_iliac,70b38efbd34c75795ce23b8836f20745fdf9d573672a53ac5e31d4a578ee2df0,P20
enroll,left,S7_buttocks_iliac,5655ea4919ce61f08180fb402e28a5bda6b65235f2ed035b8a6bc5bb5c9b41f2,P20
enroll,right,S7_buttocks_iliac,ba19fb0ab2af62db2e6cb2241d457dbb7e79908fc4e05b903b9ba0428cae606e,P20
enroll,left,S8_leg_femoral,d5e752687e17e64741c01285d90735d302382cf2842991435ef636684344c05c,P20
enroll,right,S8_leg_femoral,d53157dcadfc0f058c85f45c3f5d2b85b531ee1c8df5ffb3385c9269a3b29760,P20
query,left,S1_head_carotid,a510c3b63b3f4ae934b7acb980d5e48ed820bb9a938ee8a5c3475ce1990a83c6,P20
query,right,S1_head_carotid,3fd7335911e16b9fa85501e019e35a5e3231cb9586f0b7615dd776fd2742915f,P20
query,left,S2_neck_aortic_arch,06b3e5a5ca846b37f4ec5733a529c6b48b23db89a9d42923b64330a26ade6b39,P20
query,right,S2_neck_aortic_arch,fb3a5ab042c38c25d12b674cbd121ab5a948fd1e9fd68a66b63dc399ed5637f9,P20
query,left,S3_chest_heart_aorta,94e80ad1069058fe1eb17db659ea956e4493c883ccce965b4c175972452cbf3d,P20
query,right,S3_chest_heart_aorta,d73e7cf74a68457728bda8a2fe6dc2609b67cbf2438b7faf7d6d55e15cf0ea52,P20
query,left,S4_chest_heart_aorta,1f8c319bb6bdec0d011c8281cce00fda778953f09a33f0a23f995a6d5bc29224,P20
query,right,S4_chest_heart_aorta,fb92e29a65c97633b0e09623c5781c8c7b86353a3babb0d38d298b50b9a008d9,P20
query,left,S5_loins_renal_aorta,939ec6b358af12fb58105b24ba4fbf1dfabc148a1c2fac4fa682a77ad803323d,P20
query,right,S5_loins_renal_aorta,611e2d032a8567e7d442281a103a006782e5d4a380abf045853e012c3bb1d25d,P20
query,left,S6_buttocks_iliac,95cd7e5c6414f56ef8bc79e186e61caef9a0bf96e5e7d3cf944ac180c980fa80,P20
query,right,S6_buttocks_iliac,c4a584b18b0b1bdb7f2a3a80c0369ec8f1bd2be2dbb76b3e79a296aea9dffd4e,P20
query,left,S7_buttocks_iliac,cea86df9cd9f15dd62425042e9909accf3631530689a3535da60974bf5527d0d,P20
query,right,S7_buttocks_iliac,364e878ad5a0e03b5a964701de64c158fc78f1e18b4285c4acf3d0247799e4f9,P20
query,left,S8_leg_femoral,7e044db5f0c09a33059b8dc0a6f8612dc69f0db19397a9db33fe5b56a45c6af0,P20
query,right,S8_leg_femoral,0b7a892fd4e565439da7a244cb09ee78a96479bf1125967a8b6756a25879eb6f,P20
enroll,left,S1_head_carotid,1de516fca690f6cf408597c231fb0d4e5958d1a5334f1d62a0d44e8701ece259,P21
enroll,right,S1_head_carotid,3e682f576e000e0acbcb951b1a9d36426cf2f5fd9bd27c62636e4dd4c16d36d8,P21
enroll,left,S2_neck_aortic_arch,03be7f904d23f961e809b65b661cd8255e43892004b4649d0c79af2c84bd9116,P21
enroll,right,S2_neck_aortic_arch,38fa0469aba84d596cd7f95c7c72ea4122cd594986a2403b253450f9496ab16d,P21
enroll,left,S3_chest_heart_aorta,26f4f5c0f0af938d9174cd4a3973f317affd12c52febbf74dc82d7f731cb69a3,P21
enroll,right,S3_chest_heart_aorta,a935353ff08d622b7f01d82f906ed1d744ae0bc2e028aa51b10fc63124b871c1,P21
enroll,left,S4_chest_heart_aorta,224135285629803c659b2cd47d6c6d94623d51cc111272efe61646066ca66582,P21
enroll,right,S4_chest_heart_aorta,95b5db24478871c5264186fc73859545dc4ed8d24daf426cf54332ab76898311,P21
enroll,left,S5_loins_renal_aorta,9fa61003df2ae0bfad092fde14e4dc83fd10ceb6764692d2f686dc48ec2c0900,P21
enroll,right,S5_loins_renal_aorta,23163f17e4148bc02edddcc91674355f1421f66b7790ecffb2e16a9ab2109aa4,P21
enroll,left,S6_buttocks_iliac,2d99869677e0a0ed1a6b2dd83e91efaacf8b5c464f1e6382ec51b5223198ec1a,P21
enroll,right,S6_buttocks_iliac,ee3484c5261376f24c0016548873f71f10c2750c0b8e637d0ff7bad39ee64e0c,P21
enroll,left,S7_buttocks_iliac,69dbd804cefb4f635f7b8d5691f92170574965516fd7cde2b09992b7b020cd8c,P21
enroll,right,S7_buttocks_iliac,2759f170a38bfca9696ce4f5533db443b957c2188e10ac152810af79df261bbe,P21
enroll,left,S8_leg_femoral,24150d2506d8de01b5209ee58042fc4abc0bb41d553b5b2ef7defa47dc604d4d,P21
enroll,right,S8_leg_femoral,539e963f3a9f2f4168fe350e29c45388f01069dfbf342f11fc9e71946486b51f,P21
query,left,S1_head_carotid,6b36d38b7e7d502987d352758d9e487e1c1b648ebcb07e30f5ba038412fba52d,P21
query,right,S1_head_carotid,b03e15e4e664ebf1a7d6040b6d427b92f2bd8b7ef343baf4758c1579af4a29c0,P21
query,left,S2_neck_aortic_arch,dd5283d1642a51f6cc3274d1f93e6627b66dd553f12773889e6ef1e385443620,P21
query,right,S2_neck_aortic_arch,f4b59856eaf32d2f5e8b04dfc35d0c449ca1a69450e74841255a7635b7545ed8,P21
query,left,S3_chest_heart_aorta,754a87b4761f01d709076a0c2e1f2a758a1ed9c88fb3607d23f532bfbb3697b7,P21
query,right,S3_chest_heart_aorta,2dffedb31b93c9b3af94f428b710f11b54216aad486bf695a38ba6b3bc3ac43f,P21
query,left,S4_chest_heart_aorta,e159b317dbc54488fb1df6a4fb451181eb7280843cacbcc86295a4a320161266,P21
query,right,S4_chest_heart_aorta,ba9e7f40eff95850c15edeb5e1f04f51d08260b5f9cdd4206c07036b4afbc9fc,P21
query,left,S5_loins_renal_aorta,6987cc33d2df88829eb21865a12f9d3fb75feb9cb4cca17eaf9246b8cdd564e7,P21
query,right,S5_loins_renal_aorta,4d7deee5dc0bd7e9c7ad4f36e15616c78cb5ebe20b8904d53bd7a4589663e0ad,P21
query,left,S6_buttocks_iliac,1e8c1ee1b427ca333bc55386c4bb105b6e47348fdf516b1d5832497cecf155cb,P21
query,right,S6_buttocks_iliac,934732fc032b4a4d6ad541b88af8d98e1b1556abb634df633661cfee3de35264,P21
query,left,S7_buttocks_iliac,5b82c0f41fff112bb72605c4e214607b63685ef8c21952719b01b2cd6a7244a8,P21
query,right,S7_buttocks_iliac,8ee66613576bce15d89568fe000ffa30aabb37119690b7af4f0239330a3820a6,P21
query,left,S8_leg_femoral,1888eea847443c32a8555ed1f49e9362e1c92816e1cd868ff14f4237993281de,P21
query,right,S8_leg_femoral,e53df0b4773c300adecb75679d6851930c73d194a8eda5c7f1649788c5dc556f,P21
enroll,left,S1_head_carotid,b583c715ebcd70f60be4683be1e71190c0547c60703917a43f1915b79c7ad134,P22
enroll,right,S1_head_carotid,1c6ae2613876fbf3249e991d4d6084f034f529babe8e03ba0a6af2b4157150f9,P22
enroll,left,S2_neck_aortic_arch,c44b550b43682ac1bdd1a395d905467ee9ae676a90802bdb3d34f617ba9bb762,P22
enroll,right,S2_neck_aortic_arch,e5b0fdd97715bd01aa25fc9fa370d078cff32c7e9db58ef91c8715516c0e64b2,P22
enroll,left,S3_chest_heart_aorta,36b9a5dc084bb23579197c65b796c56c2f2a6c7fdadec25ace063855183bb073,P22
enroll,right,S3_chest_heart_aorta,67037d737393731813b575f6e961c284f9a2a872e51db31ee8317bdf43264a26,P22
enroll,left,S4_chest_heart_aorta,cc04964f075021df76b9a79fb63f52deb45d1f025c85036df9e49d978c7883fb,P22
enroll,right,S4_chest_heart_aorta,72651e5cfba7fc1cfcdac9d9f849ee75ef7a841d1a2f64878e5e00e0e8e0b51a,P22
enroll,left,S5_loins_renal_aorta,d4fd515827d213448416a9443869058b0523ad9f3ff0fcb9223a6edd3520aeca,P22
enroll,right,S5_loins_renal_aorta,570125bcce4284b3a584ee136e87b9b4fb2a760caddde055568bae8ca8bdfef8,P22
enroll,left,S6_buttocks_iliac,a890fdee4259cb7edcc6d4f137e4c5886903fb1e1aee2e613e0dcbfa867970bf,P22
enroll,right,S6_buttocks_iliac,1c606771c518f6419183b18a1d7667b6c6d781be60b3a1fb89083db06270e790,P22
enroll,left,S7_buttocks_iliac,7386db7bf9fad564466f762efba1768458c52e1e87337365b63e15b7c5f20002,P22
enroll,right,S7_buttocks_iliac,84fc15c85d22bc8fe26079600634704fe016aec05d28c2618e2547f9a6298dc3,P22
enroll,left,S8_leg_femoral,2a63d5fd34160d832ff71ea112f49a3f4398c7d91184cc2feb10d05a1ec489a8,P22
enroll,right,S8_leg_femoral,785f581b18387a3c35c621e12d666444535a8b34aec2e60b3d0f0de2645e0a79,P22
query,left,S1_head_carotid,d6d41595a80ae606f3979ec6f458de5bdbfadd31ce21763cb5de3db744fe9885,P22
query,right,S1_head_carotid,26c76a856ba96064ac694e011bc3bcb8f0d392dc8d72057d0aea0a709b610eb4,P22
query,left,S2_neck_aortic_arch,ec31e67bb0a7e6de9d876de90c4ab97ce725b650e10e1c5840f2cf1cc3dcf63d,P22
query,right,S2_neck_aortic_arch,93d6ca75e1c8b543f511117432c7a49856e34bc8f37724902012ee71d778feef,P22
query,left,S3_chest_heart_aorta,04eef5a815af40bb6e13179e64c9335ba9b181a6fb80214515b3c6adb97de1da,P22
query,right,S3_chest_heart_aorta,3a0dcc7f8d63cc16e6de7333ff9e06c8c0beb787d35e5f686d3c97884a1643ea,P22
query,left,S4_chest_heart_aorta,497e1c443cda015b581069f65a0edc2df010623a71baa874cd17a5c1041a8b3e,P22
query,right,S4_chest_heart_aorta,fe2eb027e9626826d3fa3c555c773734eaa92f3a094ead5d083683c2ede4866e,P22
query,left,S5_loins_renal_aorta,99efc739b1e3e93c844a22cd2f2f68e8794471c8f178924351cd7f39a5084bf1,P22
query,right,S5_loins_renal_aorta,bc345f7c3caae29eb2ffc18b2d992ee0cd3c2664a12da48853f2179f7a65ab7e,P22
query,left,S6_buttocks_iliac,1b259c812ec5425c2d7ad5149a0f0467945cde6c4d26bbbe5c81fd8e11b1cdc4,P22
query,right,S6_buttocks_iliac,7a3e5128aa881687e07a91d29ab054416b1b690d9903f619d537bff044a57305,P22
query,left,S7_buttocks_iliac,edb093fc9c5f7585435ad19b2527097054b2330ad1a9dca5a6f255889a544030,P22
query,right,S7_buttocks_iliac,3d6e260a00523ada689b9f918993f343479687254634143d9f43d00303170263,P22
query,left,S8_leg_femoral,9ec60c9c98b7ee8591eb25217c62ab985a9e46c676859feb0eafc496050c6d6e,P22
query,right,S8_leg_femoral,73145d807edb0755ed4408c0f9b33cb71a1d06b144fed872eb54175cef4d125f,P22
enroll,left,S1_head_carotid,c1c3bc6ea133a28c441d14fbc7b6780d1f25461e0f9f274e200fa05b07c754eb,P23
enroll,right,S1_head_carotid,f9e7b666f50cc7e7a6e662a94c6b7c2ba11faabba56a45979eb645624dd89761,P23
enroll,left,S2_neck_aortic_arch,eb97d57064d2410356f64829eb897029b4c285c9a40a77426e5bae29a1c3ef11,P23
enroll,right,S2_neck_aortic_arch,bc8517e92383cf56303ba370742c285be22fedda965047e28b5098e9cd0c99c0,P23
enroll,left,S3_chest_heart_aorta,0d110932a3f188381162c658b4aac4ee7157e2bbf730e4f898b39193966ad6ac,P23
enroll,right,S3_chest_heart_aorta,1f0f38ab983925d4266386e1bfc856dc77a042d556af5de2b1a0d432c07fd846,P23
enroll,left,S4_chest_heart_aorta,0b19b76c7af74b6c80d662b39dc977b710c69da5540ea68db0bbc2cf7e75dba8,P23
enroll,right,S4_chest_heart_aorta,94e8fd6a306f8905f9a780f253bffe683b20d2733654bc2d7de16ca6ba44f0b9,P23
enroll,left,S5_loins_renal_aorta,bf6c9d616a602c51b918150345e714607906c80091118d8fa93a101ddfa9b0fb,P23
enroll,right,S5_loins_renal_aorta,9c036b4766add65cf8e26790e3205eae9419fdab41e493974fd8232a08625735,P23
enroll,left,S6_buttocks_iliac,413d69acaee6de5215b743a8f0ec43d314a377c4c556f9b7cd9f1a6e02150fd6,P23
enroll,right,S6_buttocks_iliac,ce49ae67632bc925a0950f37e7f76c7de7576a9654a840bdc54b2a5e3c4f2dc9,P23
enroll,left,S7_buttocks_iliac,39877dcf325dd0799a3306c0d56ab3115c18ecae2e19886dde028c56daef8f84,P23
enroll,right,S7_buttocks_iliac,0dcc8372effb6dcd4157231bd83d4dbdfb5b23ba4762c55264d1f87c45b95c58,P23
enroll,left,S8_leg_femoral,eff43980635351b5992d8a98e23f3bbd78a512eb617fe1a843cf5c5377aa7ff0,P23
enroll,right,S8_leg_femoral,d41c75f26d7e6c4c5209c25d1e3a265b50b816ac4cfe2040cf1c5d13acfda186,P23
query,left,S1_head_carotid,bc1eac4ec2c4adc4b1c936ca3ef3e9e2785d4f77e21985f6aa8ee041561648a5,P23
query,right,S1_head_carotid,18ab587176735d15e25ef8a5c5688e11efc3e3af7e358394f8bd24b7e4fa592d,P23
query,left,S2_neck_aortic_arch,bef714b6029cfbeb50f3d0dca90cac266bb7d9765ecc6944e91404481bca0aa2,P23
query,right,S2_neck_aortic_arch,33f2ec7cd94ebd086e8a9aaf6e0c797899890cb2a5ec6ac91bd8e3988d86ad5f,P23
query,left,S3_chest_heart_aorta,307eef8c453b87a328ac98fa4997fc9ac87d0a6244ad11ce697737811a302de4,P23
query,right,S3_chest_heart_aorta,e24f401aca2045f446daf827ae50b035d5d739d5c57cabe2dd12cf173d3e9db0,P23
query,left,S4_chest_heart_aorta,c5a17d29c8937221e52bf8f8fe6a046999ac286631daafe197e1ac148de8280a,P23
query,right,S4_chest_heart_aorta,3984fea2c7ded7657ef5562743ead2e95756fdd6cb5e312eba7bb3b158af7525,P23
query,left,S5_loins_renal_aorta,7836d31cba2a88275f5e673975b5c94292cc32d2a705e037f5e08eece6d8796e,P23
query,right,S5_loins_renal_aorta,08f94d9431b005201c4ef61f465c8e34e478043ec672e406e47f5de3c928a245,P23
query,left,S6_buttocks_iliac,b520f7c7f2f4af7b335eae5984fe19fb75f3a64b42df05cadb61a0de922d2c8a,P23
query,right,S6_buttocks_iliac,f6625abd42ac41bace4f1e547d310444b3a70fc2d50f824ddaa064828b2e8334,P23
query,left,S7_buttocks_iliac,8d12887dc913bfa474680f4569671b0adcf7b26f6f1cec0c9ed35597d2c0034b,P23
query,right,S7_buttocks_iliac,1aab1e92103dd098e6f3159632f3a7c94defef587383f266052435a2f0746461,P23
query,left,S8_leg_femoral,e7da2b25f5dda0d99d6cd25c43913250daac42eb6ad8c4129600dd26dd96233b,P23
query,right,S8_leg_femoral,db23705b2d425ca0ea2bc5f4a11513c6fde766b7c0d2957f72039aacb5cfd6c4,P23
enroll,left,S1_head_carotid,f8cdef10142a2509c4df6ad986313c52d76e7b06dc48f47ab30788a087536285,P24
enroll,right,S1_head_carotid,f603a88f37bcaf2cda0785e8002720b7c2252fd1d43e6b9917e1b18336919519,P24
enroll,left,S2_neck_aortic_arch,956a4579fdc9f1235ea7d93e87f584609ca29a92302fd2820853fe8c773dd2b7,P24
enroll,right,S2_neck_aortic_arch,985cbcd73d2d465fc6911cb7e12799f663aad16bb0dbe375f423b4d1733beb1a,P24
enroll,left,S3_chest_heart_aorta,c2b9fd60bb6e414978bdd4c44684ff47fd2f92cf1471a3154e82d933843732be,P24
enroll,right,S3_chest_heart_aorta,890f19f6f6c38ef10876a9dfe39b391aed13f891f56f2c1c195a02a302f15a8e,P24
enroll,left,S4_chest_heart_aorta,c24c0676993b72bec16341ad43d2c2cb99ee77206565f295640acbf24463db00,P24
enroll,right,S4_chest_heart_aorta,0c285fdbb32e85f33d1355ae18b492e9fcad1c1bd09d4762c8a7cbf9c924d474,P24
enroll,left,S5_loins_renal_aorta,5151782d30c47d229841995b75acbbaf5cf4276f6f0ae64e51710f3cff8acd65,P24
enroll,right,S5_loins_renal_aorta,98c54f761eb2da59931a2678128b2acc9cde74c22e046699c4b0bd8125e96c55,P24
enroll,left,S6_buttocks_iliac,5da99fa7c6654097de0c03718c0b409e9c0d360f8eefa0c5e6181986253fa053,P24
enroll,right,S6_buttocks_iliac,502c2d3c86494851c5aa875e64e2b64ca3be16b864091a603b316dcd0a855c43,P24
enroll,left,S7_buttocks_iliac,35575685fa46bf7f701a164048d26a195408fd37d09bb96be263c0cfe7b57ded,P24
enroll,right,S7_buttocks_iliac,5aab76466d42c79cd84f2cd996f3e3910bd374df85a8dcd7561a6ce2a09c7c2e,P24
enroll,left,S8_leg_femoral,eccf14511decc78c16493f8b3470158cbd395d9e9a7501e51b5bbf7f3323f1d1,P24
enroll,right,S8_leg_femoral,3a927a0a135362fd3459edf1d32902c56c2fa5706dd54ca3559c336995416a81,P24
query,left,S1_head_carotid,235d687162670e85e0d7c4b13205a0c2e07c5b5054ce3a1c14582b55553c7851,P24
query,right,S1_head_carotid,80733e33f6876b611c9a6a213cd35307659cda0360ca24ada6b28e59ef0fa8ed,P24
query,left,S2_neck_aortic_arch,c193458953b9d27eb2e9bc09054e7fcf96769fa09d4890951924c4594aa791b5,P24
query,right,S2_neck_aortic_arch,2f5ceedd43d607dc762ba8a7cd04b78ef42188fcce57057a130861fe1916d8e3,P24
query,left,S3_chest_heart_aorta,8615b92a6565e4f4b3ed4b89ad5c24bd0678b6d91bc1e1f77e7d77fdaa62a314,P24
query,right,S3_chest_heart_aorta,998818b90b7853347685ba2a6f510532a5d95807b47a9069512e5a66d143d5a2,P24
query,left,S4_chest_heart_aorta,883f60a7bda379f4e9cda840851c33c89def9acdf1743cb820359d3c01dd8b12,P24
query,right,S4_chest_heart_aorta,dc09d1f8939c28366e7fa45742cb9f5caad7a4af6ae90f7fc2be1ada7d24b246,P24
query,left,S5_loins_renal_aorta,e7005824e2021c4e1ed1a38e82983eeff101cef697248134c53570f274cb51b0,P24
query,right,S5_loins_renal_aorta,bc3c1cb84e4bca7fc83247293d96cc5e4885967848ef86f1c09b42c54a4a5fa0,P24
query,left,S6_buttocks_iliac,e4c6caf50dc291abd022299e9858bd85a45e87e74ab85b989908105e63f1b1f1,P24
query,right,S6_buttocks_iliac,1f8fd16d310962a7660756481d58c6084919fd33d3385c8254e99baf162773a9,P24
query,left,S7_buttocks_iliac,aa153bef87373ad900128c6a0c0ac629259921bab9c9221f402d90a8eeaf82fa,P24
query,right,S7_buttocks_iliac,b209c1a0cd243adc1f61a6f7d173e44f7b7e6bb67d8f48a6ee779e56af3a0498,P24
query,left,S8_leg_femoral,189ae6c8d048afcfe33df71f490de2a5be14025c1dce46cc5b0713386708a616,P24
query,right,S8_leg_femoral,6d06cb2017149b58043916e4f58599ad12dafb0895a9dff9f47c0e789648a52a,P24
enroll,left,S1_head_carotid,7e9945a7fb4c53b26b4d646701995efc70a2064b07f03a647bad7a6bdb1fb895,P25
enroll,right,S1_head_carotid,d475205b754bd40ea7377be295a06abf50c97e46aafcd2da74b50ab953c94d69,P25
enroll,left,S2_neck_aortic_arch,14375e35c5389bc48bdcf177cb17a4c08cdc25a464d58bf09cbb4dded6bbaf71,P25
enroll,right,S2_neck_aortic_arch,47fe252316a89d7df3feb97b0ace13859f128c8bdb7a7fa37b4bf3884d9c88ea,P25
enroll,left,S3_chest_heart_aorta,636e29cb9792c92e1549a8311473501d4a3dc567191ff27412707461db2cb963,P25
enroll,right,S3_chest_heart_aorta,44abe0ee72593db9b969d25797d5c143f2bb48f9afdcc6b5d403bcc8309af29b,P25
enroll,left,S4_chest_heart_aorta,251408da6696d1d9b0666c11ef05032b7f04fb7d85069fb6fbad10ff2e5043f5,P25
enroll,right,S4_chest_heart_aorta,ecc0b50114bfd483b9d5ae33bacf2ac75429478f047402a4f39044ae8f7e901d,P25
enroll,left,S5_loins_renal_aorta,ed1befc2466d8ecf3db1b793dac1dd240e1b29341fae162a5262f005b49d28ac,P25
enroll,right,S5_loins_renal_aorta,6bf545cbb02dedddc548136a6d3a458b84bf6e1fdc6dd9b4a10bb1e8f5788457,P25
enroll,left,S6_buttocks_iliac,b2b63d1dec5f3eee4adb0a83b4e75be636cf10e0b25fa923f8a5115e9cc31a8e,P25
enroll,right,S6_buttocks_iliac,e7a052ea9ef423b449a3760d6b3802850c432e17a99b496c6a1128df8e0f1156,P25
enroll,left,S7_buttocks_iliac,8ccf29cf3961ea55ebdd36ccff4f3c95fcc5b8a5352bb309ae581c5b54078484,P25
enroll,right,S7_buttocks_iliac,85828e347a719fe44bddf184dca06d725a192adb2906fd691aca70da556bdf26,P25
enroll,left,S8_leg_femoral,54a13f26875547c5d00b7c05c79ac8d4f2c2cb397367572b3170e6bfaff42845,P25
enroll,right,S8_leg_femoral,023faaa54c8834bc2bd8ecedd1466bf868f3de7c69c073feb9cc8aab42499b8d,P25
query,left,S1_head_carotid,0c67a0a791d82101803ebf1e25b798295f7648272b7f3eaab6ff9cba73a8be1c,P25
query,right,S1_head_carotid,64a3113f8cbdf7c6f0968c5d67232ed20e45bdef7a5c12b25ed2bd0413089621,P25
query,left,S2_neck_aortic_arch,9cbdf7d0990c188435917f374a04f2b5e195cba9a7e206789c9f745a531820f6,P25
query,right,S2_neck_aortic_arch,8ebd3eaca1d82baf9873b9bf984545fe1ad485fb30dbb2a9bb745b68f132f7ce,P25
query,left,S3_chest_heart_aorta,0302a39c01d26b4c74af81e12e73eaf83395a7693c3b7f4ae44921f8dd531369,P25
query,right,S3_chest_heart_aorta,ce945166984642048e9800ee0a1fc6b66b76cb0a5de0c1cae3c388aeada35de6,P25
query,left,S4_chest_heart_aorta,563a4e01d1f4e56fe0e16645b1dc3b92a3fe9fa806baefe9696243930c05d009,P25
query,right,S4_chest_heart_aorta,45c60fd798a1a10ccebed451d8b929fc2d5248ab014977942bece759dd62fa62,P25
query,left,S5_loins_renal_aorta,4a69950ebb38d539fc7cebab2deff4739813ed99c01dbed3be0a5e93a9ede94d,P25
query,right,S5_loins_renal_aorta,65684ee9f119bd7b5e030e93aa55a5665a043e644398ed82f2c46bec01f66667,P25
query,left,S6_buttocks_iliac,1027b712100824b9c13a9a428935262fbdfbfc2d929f58e35a43a08b9519c700,P25
query,right,S6_buttocks_iliac,d72e676bf3a07aaade9820785f5c6f6a86a43b197cd0619f1d1f005a26e5e652,P25
query,left,S7_buttocks_iliac,a2ae13270bbc1608a96252b2c32fb00a5db068dcdf43ab95f13d9a77d95c2821,P25
query,right,S7_buttocks_iliac,109240e53d7286bd6688a407a28e84ef4fc84e0c8f5987344ee335dcbd8d199f,P25
query,left,S8_leg_femoral,f235df7f2753764c65de72c634a8e920c6217bde542b3da75c40810d10669edb,P25
query,right,S8_leg_femoral,39c400f86e0ddf588c3b8e22144079a11cf4c6225f1f3ee38c8b22d3e72e8911,P25
enroll,left,S1_head_carotid,92bf0f8f315f991e399ed8985aaef31671900d03dd5537275189b8b68577f27e,P26
enroll,right,S1_head_carotid,69407f7528f73cef32bc325cfe54160e9462c590a89e92389eeb65c70ecb65f6,P26
enroll,left,S2_neck_aortic_arch,303e5b19fa85e73772677a8173422b94c3ac437a6e18bddcc87e7e46aded6ec6,P26
enroll,right,S2_neck_aortic_arch,f8c742dd49711b501c5a15727cbae7b92795ff4cba1b10fffcd51803a75a67d0,P26
enroll,left,S3_chest_heart_aorta,758a7fd62b3ef427e4b6a92f96978a0ba46c9b6ffc3d828238eb3af188c51b1d,P26
enroll,right,S3_chest_heart_aorta,b8f1167f247fc2d42bf9a63192f7b8c730eca9ecee9bae97b0849e0f64891013,P26
enroll,left,S4_chest_heart_aorta,5eefdab46d519021d50a605c8b6840102c21db8c69f0b98561db7c73a2c47ec9,P26
enroll,right,S4_chest_heart_aorta,e7249a18dcd76b4bd1a5c25fcb2bf789acd6483a268d463e6912bdf81fe4c1cd,P26
enroll,left,S5_loins_renal_aorta,ada50e4d886dc0276bab4fe15298e368f0b67b6fcc4a1c794d52734569706d53,P26
enroll,right,S5_loins_renal_aorta,64066fd04c85947b63e9ca7ed4e06b44a2747cf6d250b81b68c347d18d1e412d,P26
enroll,left,S6_buttocks_iliac,cdd86d6602a5d07d6ca5cca0fee278897eccd57aad0101641ee6251cc4ba25f2,P26
enroll,right,S6_buttocks_iliac,f36d4a63f24ff95a0001582c099afc40b284493d261d298ccfb1877e83186250,P26
enroll,left,S7_buttocks_iliac,933f8de9761378540b38b27aed15f15a15da0e7b9731ef67991d52a31f58bf7e,P26
enroll,right,S7_buttocks_iliac,20f7f8518f4f5ea259824d2eb81496762429546a97db731b27395004522acc5d,P26
enroll,left,S8_leg_femoral,ffd1b26be8969569fb252943e87758f4616c46515bcb08508a8a012c137e3e34,P26
enroll,right,S8_leg_femoral,975093ec2a2e7a92208c6bd48fbe9cb09b3f41760878f5626254c968c781ee0d,P26
query,left,S1_head_carotid,fab22ae0d07db284f4480574cc9f0b83a79617cd1ee502641cb1eb21fc81a202,P26
query,right,S1_head_carotid,713affd065f063d8e175efe67ed6e094771acd010cb66341cadb2939d9d5cbd4,P26
query,left,S2_neck_aortic_arch,bb683b2a971e6fd291fbe2ae38c855702b05e0369ca9b822e45f589f0b6698b5,P26
query,right,S2_neck_aortic_arch,7c7b57e23efe028fe488970834682b19888fa029b185ffbbf43711445a479653,P26
query,left,S3_chest_heart_aorta,6e096b8d27e6a250af076ab62fe834f54b14d2a3b990eb1cce7b933a364b526b,P26
query,right,S3_chest_heart_aorta,75309acef3815628524dd1f104d2e4db922c7c2f14d8e1459be985e96bf26c0f,P26
query,left,S4_chest_heart_aorta,fc0fcde0bd70df1be750c61e3668c6a15952602bd68356744d3252bc6caa6033,P26
query,right,S4_chest_heart_aorta,bed5b03c82d6c2fa148f92453135c322c789a4f82ebefc17da273a08c34e6fd2,P26
query,left,S5_loins_renal_aorta,12fd696fc0adb1af797685ebe28cbc2b2840a5270c7a811580722dbef60f987c,P26
query,right,S5_loins_renal_aorta,00fb8b99ccc37cd54e7ed72010d8d923c9eccdfe4653a8ca91116ead10e7c4a4,P26
query,left,S6_buttocks_iliac,1a937c4d9e5dc5ccec60be129ee301c9c80ce13fdddf32c1486a3362cdf61e7e,P26
query,right,S6_buttocks_iliac,315ba3df41b6db7e6aab3429f4df7206f2d77ba7628554f09f9382203faa244e,P26
query,left,S7_buttocks_iliac,e0b6fa7b27e757a93c6da7458504576b129be4271551040a98a05cdf26940d9d,P26
query,right,S7_buttocks_iliac,22ded251d0fb0211f3ea1c081c6007126b12d09b4049f0526e46338807987dfc,P26
query,left,S8_leg_femoral,0fbbdf5fa6cf0119cc92c7de2bbf466264b0b4bfc533fedcb5cd1f10be2d24f2,P26
query,right,S8_leg_femoral,cec0a0e56d01c24728105dc603d6ed108f482a26e266105cd3665d4e77fd1d6d,P26
enroll,left,S1_head_carotid,ce2bb8c5812feae9024489c0b5652eb8bf6ac861b0cc342b615856ba431f08f9,P27
enroll,right,S1_head_carotid,6bbe60f960abef30361a1161025412a64a4a9f8b153bbd8336d28600db1829b3,P27
enroll,left,S2_neck_aortic_arch,652c75972a808948cb88b6b5c5a2ac7452e0a7263a21c6f4ab0dfde661f32718,P27
enroll,right,S2_neck_aortic_arch,c74d3dbbc3564f6b1ec52ba5f370c36951fc1c2583945aa77dd71267f76f12c7,P27
enroll,left,S3_chest_heart_aorta,a2a428633b8fb398742c7c89928170c193be8db31c3067d07ba9598d95874cfc,P27
enroll,right,S3_chest_heart_aorta,fcf1572bbff116fba2cb5da3524fb6f095d781b31f018a566ead121e7906156f,P27
enroll,left,S4_chest_heart_aorta,4aabd41e8f87d43d62e40bb948b291849c00b722149deb7f8508ad5ac4cb5ad1,P27
enroll,right,S4_chest_heart_aorta,544880de7d12213c0bdb819ff0de2c15fc78da1b7ce561bbd6b1e6bfb745d09b,P27
enroll,left,S5_loins_renal_aorta,dc7976ab988714f7d2384002239b9e8d94a4a3c2d64d90f85aab2a0de983ebad,P27
enroll,right,S5_loins_renal_aorta,71c663701a2be3517cb856a7c65e46bd5ace5ad9bee98bee6c154017f73c04b0,P27
enroll,left,S6_buttocks_iliac,b17d333b8fa5a476e50e54d01077117e8d561c4f694c0a2ae47b65013da834b3,P27
enroll,right,S6_buttocks_iliac,8c6ed3e1d8f39f3b68e8e295c23c6fdd966ccae255f91422162e4858fb2b7277,P27
enroll,left,S7_buttocks_iliac,814872fb501b9bf8d18e0e5f078f90b68b672e552185f9e5a5daa811ceddf9a8,P27
enroll,right,S7_buttocks_iliac,9ff54a439334f95d15c45688e5f007e202d34510ca98463ebeb56ef4449e8275,P27
enroll,left,S8_leg_femoral,2c9b75a7207addb104169ed7289e0a8d795b1a9ac67d6e309fd108aab128c644,P27
enroll,right,S8_leg_femoral,b80b3b71f002832188b9b81f8c396aa706790d152dbfbc27d292b9836c5b9223,P27
query,left,S1_head_carotid,cd05c478383a2c7e45253e6e7126bd3f422e05ae52fc49756c2c9c8011337577,P27
query,right,S1_head_carotid,db54653405ad847441eb1b77da4c404d3b21a4c8f1752895a0cb89a0247a99c5,P27
query,left,S2_neck_aortic_arch,e8de48c2913adaeeb02df4afa8271926dd4af6381cad637480e19cbe079ecb4b,P27
query,right,S2_neck_aortic_arch,ffcd01e4f0caa32b998a5d0fc1d40df984c6eaa13bc362cac03e0ad88f1e7efe,P27
query,left,S3_chest_heart_aorta,3749242830ee3424ca1eff7c16e5b57a86dd995194c08afa7029961591c93c6e,P27
query,right,S3_chest_heart_aorta,cc252feff916a8ff99cb85223007dcd742eb0e3e58bbee6ef531ca9b2481396a,P27
query,left,S4_chest_heart_aorta,7a21c89fd29739e306b7bd20b620189cae03bbbbf2eac1567df9741e4c840006,P27
query,right,S4_chest_heart_aorta,5c6e645024fdb32df244131f8f56446fe19238cb25850c971abf68b5da595917,P27
query,left,S5_loins_renal_aorta,72ee4eecc73617d325cddda7556f6b1bf341c5b74f4e6a127196a98417c64a28,P27
query,right,S5_loins_renal_aorta,5b0fcf84c951c77eb3da0f04f1b85cf73eccc427f3913a22448b457e4b6aebd5,P27
query,left,S6_buttocks_iliac,93c17f2bde07a7455264c787f2cc9a4ba4f1de2e0d6eefed0feeeaf42a873c31,P27
query,right,S6_buttocks_iliac,6ff18e91b580298ec9295dece6d3dbf383014c7dad1d5269c5b36dd3cb32cef5,P27
query,left,S7_buttocks_iliac,83f51aadadede4bb576bc0bce1427e3fe670e96275a87e2b75e6868163c5ca8c,P27
query,right,S7_buttocks_iliac,5db331c88d9d77decc765c7588ec5ba5580ff74b4f64829eb29f9af240122a4b,P27
query,left,S8_leg_femoral,6c06f6a87ab47e1e4ff8bb8c1fb7bc63f2e3cca3e453bbc9e42cfb3748d70d54,P27
query,right,S8_leg_femoral,9f445629bad825b8485422c8ccbc17ab6972caf444d2bc8ddeff5cf1082aaef5,P27
