enroll_sensor,query_sensor,rank,same_person_similarity,subject_id
S1_head_carotid,S2_neck_aortic_arch,5,0.20297938532165521,P01
S1_head_carotid,S2_neck_aortic_arch,11,0.08995438547112555,P02
S1_head_carotid,S2_neck_aortic_arch,2,0.44883720519407133,P03
S1_head_carotid,S2_neck_aortic_arch,9,0.1620492160480855,P04
S1_head_carotid,S2_neck_aortic_arch,21,-0.2088270866713724,P05
S1_head_carotid,S2_neck_aortic_arch,6,0.21806644173512035,P06
S1_head_carotid,S2_neck_aortic_arch,14,0.019941667781832213,P07
S1_head_carotid,S2_neck_aortic_arch,4,0.48347105810616875,P08
S1_head_carotid,S2_neck_aortic_arch,6,0.2680104040573723,P09
S1_head_carotid,S2_neck_aortic_arch,7,0.10618913600527212,P10
S1_head_carotid,S2_neck_aortic_arch,1,0.5921746671583417,P11
S1_head_carotid,S2_neck_aortic_arch,5,0.22275722702386028,P12
S1_head_carotid,S2_neck_aortic_arch,1,0.5855077859981677,P13
S1_head_carotid,S2_neck_aortic_arch,1,0.5376000950239942,P14
S1_head_carotid,S2_neck_aortic_arch,18,-0.09200019569537793,P15
S1_head_carotid,S2_neck_aortic_arch,7,0.2054094124766388,P16
S1_head_carotid,S2_neck_aortic_arch,12,0.201534037330395,P17
S1_head_carotid,S2_neck_aortic_arch,8,0.19863815506298738,P18
S1_head_carotid,S2_neck_aortic_arch,14,0.01192072681754381,P19
S1_head_carotid,S2_neck_aortic_arch,3,0.40172814788909916,P20
S1_head_carotid,S2_neck_aortic_arch,1,0.7569581841525862,P21
S1_head_carotid,S2_neck_aortic_arch,7,0.20086534607715614,P22
S1_head_carotid,S2_neck_aortic_arch,6,0.17932431544297348,P23
S1_head_carotid,S2_neck_aortic_arch,4,0.25635556229791684,P24
S1_head_carotid,S2_neck_aortic_arch,9,0.21930503201908774,P25
S1_head_carotid,S2_neck_aortic_arch,2,0.31097424429630727,P26
S1_head_carotid,S2_neck_aortic_arch,14,0.004156529112710212,P27
S1_head_carotid,S3_chest_heart_aorta,8,0.13456565969954204,P01
S1_head_carotid,S3_chest_heart_aorta,21,-0.10477332807894968,P02
S1_head_carotid,S3_chest_heart_aorta,13,0.0359154489564675,P03
S1_head_carotid,S3_chest_heart_aorta,13,0.07206292946418091,P04
S1_head_carotid,S3_chest_heart_aorta,15,0.024071497673606918,P05
S1_head_carotid,S3_chest_heart_aorta,20,-0.16504614687827526,P06
S1_head_carotid,S3_chest_heart_aorta,15,-0.004652603587696633,P07
S1_head_carotid,S3_chest_heart_aorta,2,0.49896881118697695,P08
S1_head_carotid,S3_chest_heart_aorta,19,-0.15691101685852615,P09
S1_head_carotid,S3_chest_heart_aorta,15,-0.04527864444091104,P10
S1_head_carotid,S3_chest_heart_aorta,1,0.7965260832142262,P11
S1_head_carotid,S3_chest_heart_aorta,17,-0.11302455497627778,P12
S1_head_carotid,S3_chest_heart_aorta,1,0.6293982268923196,P13
S1_head_carotid,S3_chest_heart_aorta,6,0.3535637898322617,P14
S1_head_carotid,S3_chest_heart_aorta,7,0.19500767912608286,P15
S1_head_carotid,S3_chest_heart_aorta,15,-0.12185785606384612,P16
S1_head_carotid,S3_chest_heart_aorta,6,0.31864116726304037,P17
S1_head_carotid,S3_chest_heart_aorta,11,0.027311748863905125,P18
S1_head_carotid,S3_chest_heart_aorta,14,0.12676722922749845,P19
S1_head_carotid,S3_chest_heart_aorta,13,0.04896593499485775,P20
S1_head_carotid,S3_chest_heart_aorta,1,0.6966525212604883,P21
S1_head_carotid,S3_chest_heart_aorta,6,0.2540424720844666,P22
S1_head_carotid,S3_chest_heart_aorta,16,-0.06194219779754039,P23
S1_head_carotid,S3_chest_heart_aorta,2,0.4337957144635245,P24
S1_head_carotid,S3_chest_heart_aorta,25,-0.40359511653813485,P25
S1_head_carotid,S3_chest_heart_aorta,13,-0.04444667307115036,P26
S1_head_carotid,S3_chest_heart_aorta,3,0.35774062451682254,P27
S1_head_carotid,S4_chest_heart_aorta,2,0.5367928284162617,P01
S1_head_carotid,S4_chest_heart_aorta,1,0.6778495673684882,P02
S1_head_carotid,S4_chest_heart_aorta,19,-0.2760721528270192,P03
S1_head_carotid,S4_chest_heart_aorta,1,0.8573582722685449,P04
S1_head_carotid,S4_chest_heart_aorta,24,-0.41477605458586897,P05
S1_head_carotid,S4_chest_heart_aorta,7,0.24156325955623265,P06
S1_head_carotid,S4_chest_heart_aorta,12,0.09703236683510995,P07
S1_head_carotid,S4_chest_heart_aorta,2,0.4297403362885216,P08
S1_head_carotid,S4_chest_heart_aorta,11,0.11578395216281333,P09
S1_head_carotid,S4_chest_heart_aorta,5,0.17936230861753155,P10
S1_head_carotid,S4_chest_heart_aorta,1,0.5297170986742901,P11
S1_head_carotid,S4_chest_heart_aorta,14,-0.0020923748862740205,P12
S1_head_carotid,S4_chest_heart_aorta,22,-0.24453238722636994,P13
S1_head_carotid,S4_chest_heart_aorta,7,0.2312238041683714,P14
S1_head_carotid,S4_chest_heart_aorta,6,0.1922843967410136,P15
S1_head_carotid,S4_chest_heart_aorta,14,0.010061306591904198,P16
S1_head_carotid,S4_chest_heart_aorta,2,0.3110435057070777,P17
S1_head_carotid,S4_chest_heart_aorta,9,0.21817781010742465,P18
S1_head_carotid,S4_chest_heart_aorta,26,-0.42768299290179645,P19
S1_head_carotid,S4_chest_heart_aorta,16,-0.04907399549520971,P20
S1_head_carotid,S4_chest_heart_aorta,1,0.6641023390365913,P21
S1_head_carotid,S4_chest_heart_aorta,8,0.2223330742523724,P22
S1_head_carotid,S4_chest_heart_aorta,9,0.24689936668722612,P23
S1_head_carotid,S4_chest_heart_aorta,6,0.3609469279339443,P24
S1_head_carotid,S4_chest_heart_aorta,26,-0.47582793082274205,P25
S1_head_carotid,S4_chest_heart_aorta,9,0.13437857197950448,P26
S1_head_carotid,S4_chest_heart_aorta,2,0.6747012196839575,P27
S1_head_carotid,S5_loins_renal_aorta,14,-0.0043526787448443655,P01
S1_head_carotid,S5_loins_renal_aorta,3,0.5593978286738972,P02
S1_head_carotid,S5_loins_renal_aorta,25,-0.38995227819316813,P03
S1_head_carotid,S5_loins_renal_aorta,1,0.4761810020252307,P04
S1_head_carotid,S5_loins_renal_aorta,15,0.043338880258798076,P05
S1_head_carotid,S5_loins_renal_aorta,6,0.2726597992109038,P06
S1_head_carotid,S5_loins_renal_aorta,17,-0.08742580632079809,P07
S1_head_carotid,S5_loins_renal_aorta,1,0.47053570115361265,P08
S1_head_carotid,S5_loins_renal_aorta,23,-0.3116533170407024,P09
S1_head_carotid,S5_loins_renal_aorta,19,-0.1325050017739156,P10
S1_head_carotid,S5_loins_renal_aorta,3,0.3263290715657492,P11
S1_head_carotid,S5_loins_renal_aorta,13,-0.06258312480671625,P12
S1_head_carotid,S5_loins_renal_aorta,4,0.46732306122784883,P13
S1_head_carotid,S5_loins_renal_aorta,8,0.2848546718952796,P14
S1_head_carotid,S5_loins_renal_aorta,12,0.023840664717909382,P15
S1_head_carotid,S5_loins_renal_aorta,14,0.026373470972631805,P16
S1_head_carotid,S5_loins_renal_aorta,5,0.2909080311199087,P17
S1_head_carotid,S5_loins_renal_aorta,7,0.2568361485266659,P18
S1_head_carotid,S5_loins_renal_aorta,27,-0.5158779244865823,P19
S1_head_carotid,S5_loins_renal_aorta,6,0.3527655143754729,P20
S1_head_carotid,S5_loins_renal_aorta,1,0.6600439519921146,P21
S1_head_carotid,S5_loins_renal_aorta,5,0.32852599190701115,P22
S1_head_carotid,S5_loins_renal_aorta,12,0.051328363859455675,P23
S1_head_carotid,S5_loins_renal_aorta,4,0.383024973277201,P24
S1_head_carotid,S5_loins_renal_aorta,25,-0.4239520765957621,P25
S1_head_carotid,S5_loins_renal_aorta,9,0.23091005398138992,P26
S1_head_carotid,S5_loins_renal_aorta,11,0.05231803158939949,P27
S1_head_carotid,S6_buttocks_iliac,3,0.4083850200523931,P01
S1_head_carotid,S6_buttocks_iliac,2,0.5538514511985894,P02
S1_head_carotid,S6_buttocks_iliac,23,-0.3608434566908697,P03
S1_head_carotid,S6_buttocks_iliac,9,0.14843956355828508,P04
S1_head_carotid,S6_buttocks_iliac,25,-0.3897279300785239,P05
S1_head_carotid,S6_buttocks_iliac,17,-0.10400929748686115,P06
S1_head_carotid,S6_buttocks_iliac,17,-0.09021820335168242,P07
S1_head_carotid,S6_buttocks_iliac,1,0.526784398786304,P08
S1_head_carotid,S6_buttocks_iliac,6,0.20925542185084564,P09
S1_head_carotid,S6_buttocks_iliac,14,-0.008653602716607936,P10
S1_head_carotid,S6_buttocks_iliac,4,0.22704175383711062,P11
S1_head_carotid,S6_buttocks_iliac,7,0.18884914791645602,P12
S1_head_carotid,S6_buttocks_iliac,5,0.28642038386079466,P13
S1_head_carotid,S6_buttocks_iliac,4,0.33456849326066773,P14
S1_head_carotid,S6_buttocks_iliac,7,0.34724340119420344,P15
S1_head_carotid,S6_buttocks_iliac,13,0.019366025602935558,P16
S1_head_carotid,S6_buttocks_iliac,6,0.17026020596622998,P17
S1_head_carotid,S6_buttocks_iliac,20,-0.25184585195003895,P18
S1_head_carotid,S6_buttocks_iliac,24,-0.3166747855876521,P19
S1_head_carotid,S6_buttocks_iliac,8,0.10512864743704733,P20
S1_head_carotid,S6_buttocks_iliac,4,0.3821270710314341,P21
S1_head_carotid,S6_buttocks_iliac,8,0.23780191743813328,P22
S1_head_carotid,S6_buttocks_iliac,8,0.3890346326079074,P23
S1_head_carotid,S6_buttocks_iliac,15,-0.03274674920271442,P24
S1_head_carotid,S6_buttocks_iliac,10,0.05099999307446625,P25
S1_head_carotid,S6_buttocks_iliac,5,0.3012078109840856,P26
S1_head_carotid,S6_buttocks_iliac,15,-0.03382087186802268,P27
S1_head_carotid,S7_buttocks_iliac,1,0.6007828463535079,P01
S1_head_carotid,S7_buttocks_iliac,6,0.43455383292398986,P02
S1_head_carotid,S7_buttocks_iliac,22,-0.38751206108042524,P03
S1_head_carotid,S7_buttocks_iliac,3,0.3124024271909566,P04
S1_head_carotid,S7_buttocks_iliac,19,-0.22553454946624435,P05
S1_head_carotid,S7_buttocks_iliac,15,-0.08446879501160329,P06
S1_head_carotid,S7_buttocks_iliac,16,-0.08676343302471913,P07
S1_head_carotid,S7_buttocks_iliac,1,0.4540572022440692,P08
S1_head_carotid,S7_buttocks_iliac,9,0.11213543933270295,P09
S1_head_carotid,S7_buttocks_iliac,5,0.3968260182313301,P10
S1_head_carotid,S7_buttocks_iliac,4,0.3063037011518361,P11
S1_head_carotid,S7_buttocks_iliac,5,0.2690086266817728,P12
S1_head_carotid,S7_buttocks_iliac,5,0.2407196779975077,P13
S1_head_carotid,S7_buttocks_iliac,3,0.4508100453685191,P14
S1_head_carotid,S7_buttocks_iliac,1,0.6627282666477675,P15
S1_head_carotid,S7_buttocks_iliac,10,0.30371054144691345,P16
S1_head_carotid,S7_buttocks_iliac,11,0.2112833958411423,P17
S1_head_carotid,S7_buttocks_iliac,14,0.009025993428052156,P18
S1_head_carotid,S7_buttocks_iliac,15,-0.06434750406034304,P19
S1_head_carotid,S7_buttocks_iliac,23,-0.4091335702928425,P20
S1_head_carotid,S7_buttocks_iliac,3,0.4086049889024505,P21
S1_head_carotid,S7_buttocks_iliac,3,0.31503200958902705,P22
S1_head_carotid,S7_buttocks_iliac,5,0.4938775363798922,P23
S1_head_carotid,S7_buttocks_iliac,18,-0.18000490806042552,P24
S1_head_carotid,S7_buttocks_iliac,1,0.43350216679724585,P25
S1_head_carotid,S7_buttocks_iliac,2,0.635788279370984,P26
S1_head_carotid,S7_buttocks_iliac,26,-0.5832190713701797,P27
S1_head_carotid,S8_leg_femoral,1,0.49120162052349786,P01
S1_head_carotid,S8_leg_femoral,3,0.3723515096445077,P02
S1_head_carotid,S8_leg_femoral,3,0.31281388784843767,P03
S1_head_carotid,S8_leg_femoral,20,-0.22108877251357156,P04
S1_head_carotid,S8_leg_femoral,19,-0.18342736680094188,P05
S1_head_carotid,S8_leg_femoral,24,-0.24221684619977957,P06
S1_head_carotid,S8_leg_femoral,7,0.30466700471060837,P07
S1_head_carotid,S8_leg_femoral,1,0.44422326921315347,P08
S1_head_carotid,S8_leg_femoral,14,-0.020716640557404215,P09
S1_head_carotid,S8_leg_femoral,4,0.2313085895003037,P10
S1_head_carotid,S8_leg_femoral,1,0.39754939817254625,P11
S1_head_carotid,S8_leg_femoral,23,-0.17004753331781303,P12
S1_head_carotid,S8_leg_femoral,1,0.45177564109848756,P13
S1_head_carotid,S8_leg_femoral,7,0.29215112582892944,P14
S1_head_carotid,S8_leg_femoral,1,0.7382090642567363,P15
S1_head_carotid,S8_leg_femoral,9,0.4259506588497677,P16
S1_head_carotid,S8_leg_femoral,16,0.01416308249307286,P17
S1_head_carotid,S8_leg_femoral,10,0.12828352590766207,P18
S1_head_carotid,S8_leg_femoral,20,-0.18721577902748712,P19
S1_head_carotid,S8_leg_femoral,7,0.13485043333621902,P20
S1_head_carotid,S8_leg_femoral,3,0.2617914839167371,P21
S1_head_carotid,S8_leg_femoral,2,0.3999810287846493,P22
S1_head_carotid,S8_leg_femoral,7,0.3805049887653342,P23
S1_head_carotid,S8_leg_femoral,14,-0.011476422922778975,P24
S1_head_carotid,S8_leg_femoral,1,0.4107949709178538,P25
S1_head_carotid,S8_leg_femoral,6,0.4779976956097723,P26
S1_head_carotid,S8_leg_femoral,17,-0.00770255364688115,P27
S2_neck_aortic_arch,S1_head_carotid,2,0.5869135803024486,P01
S2_neck_aortic_arch,S1_head_carotid,26,-0.44568299485059193,P02
S2_neck_aortic_arch,S1_head_carotid,1,0.7306540780031131,P03
S2_neck_aortic_arch,S1_head_carotid,17,-0.1446536782448408,P04
S2_neck_aortic_arch,S1_head_carotid,3,0.5007459335058405,P05
S2_neck_aortic_arch,S1_head_carotid,7,0.2545920653311313,P06
S2_neck_aortic_arch,S1_head_carotid,16,-0.05220313817303766,P07
S2_neck_aortic_arch,S1_head_carotid,5,0.2913154183861712,P08
S2_neck_aortic_arch,S1_head_carotid,4,0.42510226233904796,P09
S2_neck_aortic_arch,S1_head_carotid,5,0.3120751723827483,P10
S2_neck_aortic_arch,S1_head_carotid,6,0.34978833228536566,P11
S2_neck_aortic_arch,S1_head_carotid,19,-0.1077369655182294,P12
S2_neck_aortic_arch,S1_head_carotid,3,0.41724718604892974,P13
S2_neck_aortic_arch,S1_head_carotid,1,0.4390716308661523,P14
S2_neck_aortic_arch,S1_head_carotid,11,0.11180061023003815,P15
S2_neck_aortic_arch,S1_head_carotid,13,0.0493879443461441,P16
S2_neck_aortic_arch,S1_head_carotid,5,0.1782874934704598,P17
S2_neck_aortic_arch,S1_head_carotid,12,0.06259357319150782,P18
S2_neck_aortic_arch,S1_head_carotid,7,0.16016011866503052,P19
S2_neck_aortic_arch,S1_head_carotid,5,0.4431142771269758,P20
S2_neck_aortic_arch,S1_head_carotid,4,0.311248397912291,P21
S2_neck_aortic_arch,S1_head_carotid,14,0.001157421992847088,P22
S2_neck_aortic_arch,S1_head_carotid,3,0.4203811465836729,P23
S2_neck_aortic_arch,S1_head_carotid,9,0.12470407811937868,P24
S2_neck_aortic_arch,S1_head_carotid,2,0.5120776746946362,P25
S2_neck_aortic_arch,S1_head_carotid,5,0.38359978156910374,P26
S2_neck_aortic_arch,S1_head_carotid,11,0.16682105138370654,P27
S2_neck_aortic_arch,S3_chest_heart_aorta,19,-0.12074920029718884,P01
S2_neck_aortic_arch,S3_chest_heart_aorta,4,0.37659828301677156,P02
S2_neck_aortic_arch,S3_chest_heart_aorta,6,0.26683938138600255,P03
S2_neck_aortic_arch,S3_chest_heart_aorta,1,0.6394482128177453,P04
S2_neck_aortic_arch,S3_chest_heart_aorta,10,0.06201275889465635,P05
S2_neck_aortic_arch,S3_chest_heart_aorta,6,0.21794175899380924,P06
S2_neck_aortic_arch,S3_chest_heart_aorta,1,0.4223663265660367,P07
S2_neck_aortic_arch,S3_chest_heart_aorta,1,0.6138689804655953,P08
S2_neck_aortic_arch,S3_chest_heart_aorta,18,-0.07184923784971464,P09
S2_neck_aortic_arch,S3_chest_heart_aorta,10,0.11406963405026649,P10
S2_neck_aortic_arch,S3_chest_heart_aorta,2,0.635454098031843,P11
S2_neck_aortic_arch,S3_chest_heart_aorta,3,0.47137538921399724,P12
S2_neck_aortic_arch,S3_chest_heart_aorta,1,0.5139001328726438,P13
S2_neck_aortic_arch,S3_chest_heart_aorta,2,0.4669603796390426,P14
S2_neck_aortic_arch,S3_chest_heart_aorta,4,0.17290192490524225,P15
S2_neck_aortic_arch,S3_chest_heart_aorta,12,0.03358968244800663,P16
S2_neck_aortic_arch,S3_chest_heart_aorta,1,0.7107295821490175,P17
S2_neck_aortic_arch,S3_chest_heart_aorta,13,0.002278602056422732,P18
S2_neck_aortic_arch,S3_chest_heart_aorta,1,0.7756928229567903,P19
S2_neck_aortic_arch,S3_chest_heart_aorta,4,0.2604560234642588,P20
S2_neck_aortic_arch,S3_chest_heart_aorta,5,0.3325201527432456,P21
S2_neck_aortic_arch,S3_chest_heart_aorta,1,0.5219654095943718,P22
S2_neck_aortic_arch,S3_chest_heart_aorta,25,-0.3870012553018109,P23
S2_neck_aortic_arch,S3_chest_heart_aorta,11,0.11970341907555346,P24
S2_neck_aortic_arch,S3_chest_heart_aorta,11,0.05235591375353278,P25
S2_neck_aortic_arch,S3_chest_heart_aorta,12,0.08349949397992916,P26
S2_neck_aortic_arch,S3_chest_heart_aorta,7,0.26935679764234943,P27
S2_neck_aortic_arch,S4_chest_heart_aorta,17,-0.04953280154689747,P01
S2_neck_aortic_arch,S4_chest_heart_aorta,18,-0.24920390118293845,P02
S2_neck_aortic_arch,S4_chest_heart_aorta,25,-0.5052365440101804,P03
S2_neck_aortic_arch,S4_chest_heart_aorta,17,-0.22546770712335404,P04
S2_neck_aortic_arch,S4_chest_heart_aorta,2,0.442701916577199,P05
S2_neck_aortic_arch,S4_chest_heart_aorta,11,0.1535170531316637,P06
S2_neck_aortic_arch,S4_chest_heart_aorta,2,0.33848846319763987,P07
S2_neck_aortic_arch,S4_chest_heart_aorta,10,0.05354720738453793,P08
S2_neck_aortic_arch,S4_chest_heart_aorta,19,-0.19273361586930032,P09
S2_neck_aortic_arch,S4_chest_heart_aorta,2,0.3343030732308052,P10
S2_neck_aortic_arch,S4_chest_heart_aorta,13,0.047467884304757416,P11
S2_neck_aortic_arch,S4_chest_heart_aorta,10,0.17918260834600624,P12
S2_neck_aortic_arch,S4_chest_heart_aorta,24,-0.46876279281301425,P13
S2_neck_aortic_arch,S4_chest_heart_aorta,2,0.5841658363919282,P14
S2_neck_aortic_arch,S4_chest_heart_aorta,1,0.579969594525965,P15
S2_neck_aortic_arch,S4_chest_heart_aorta,19,-0.22879980126925495,P16
S2_neck_aortic_arch,S4_chest_heart_aorta,1,0.4729656071659737,P17
S2_neck_aortic_arch,S4_chest_heart_aorta,3,0.33252767268657135,P18
S2_neck_aortic_arch,S4_chest_heart_aorta,9,0.05365703062884043,P19
S2_neck_aortic_arch,S4_chest_heart_aorta,9,0.1692132229812537,P20
S2_neck_aortic_arch,S4_chest_heart_aorta,6,0.26372310496926327,P21
S2_neck_aortic_arch,S4_chest_heart_aorta,2,0.4623876495512784,P22
S2_neck_aortic_arch,S4_chest_heart_aorta,1,0.5706693159639946,P23
S2_neck_aortic_arch,S4_chest_heart_aorta,13,-0.007818215077715823,P24
S2_neck_aortic_arch,S4_chest_heart_aorta,16,-0.052335821510922295,P25
S2_neck_aortic_arch,S4_chest_heart_aorta,11,0.04454555983943498,P26
S2_neck_aortic_arch,S4_chest_heart_aorta,8,0.2207204063172971,P27
S2_neck_aortic_arch,S5_loins_renal_aorta,10,0.025248075010835334,P01
S2_neck_aortic_arch,S5_loins_renal_aorta,10,0.1410248862728963,P02
S2_neck_aortic_arch,S5_loins_renal_aorta,26,-0.541376564333566,P03
S2_neck_aortic_arch,S5_loins_renal_aorta,1,0.4970914944847842,P04
S2_neck_aortic_arch,S5_loins_renal_aorta,8,0.20936872034264806,P05
S2_neck_aortic_arch,S5_loins_renal_aorta,6,0.25141776244521374,P06
S2_neck_aortic_arch,S5_loins_renal_aorta,1,0.5169156763384316,P07
S2_neck_aortic_arch,S5_loins_renal_aorta,3,0.33502793590452123,P08
S2_neck_aortic_arch,S5_loins_renal_aorta,18,-0.09378790852404649,P09
S2_neck_aortic_arch,S5_loins_renal_aorta,9,0.1693261791930702,P10
S2_neck_aortic_arch,S5_loins_renal_aorta,3,0.26869982147711674,P11
S2_neck_aortic_arch,S5_loins_renal_aorta,3,0.25584096656829086,P12
S2_neck_aortic_arch,S5_loins_renal_aorta,5,0.2834107787322905,P13
S2_neck_aortic_arch,S5_loins_renal_aorta,4,0.38341343376598097,P14
S2_neck_aortic_arch,S5_loins_renal_aorta,26,-0.34061675920945395,P15
S2_neck_aortic_arch,S5_loins_renal_aorta,20,-0.29216619742045047,P16
S2_neck_aortic_arch,S5_loins_renal_aorta,7,0.17402125158165138,P17
S2_neck_aortic_arch,S5_loins_renal_aorta,7,0.23824583636122526,P18
S2_neck_aortic_arch,S5_loins_renal_aorta,24,-0.4922826620271003,P19
S2_neck_aortic_arch,S5_loins_renal_aorta,1,0.582241865433966,P20
S2_neck_aortic_arch,S5_loins_renal_aorta,4,0.46506799968261886,P21
S2_neck_aortic_arch,S5_loins_renal_aorta,1,0.5453285221306302,P22
S2_neck_aortic_arch,S5_loins_renal_aorta,14,-0.09968454533479282,P23
S2_neck_aortic_arch,S5_loins_renal_aorta,21,-0.16111486576890016,P24
S2_neck_aortic_arch,S5_loins_renal_aorta,8,0.10118586112379427,P25
S2_neck_aortic_arch,S5_loins_renal_aorta,10,0.07569900630797204,P26
S2_neck_aortic_arch,S5_loins_renal_aorta,11,0.0980067794999964,P27
S2_neck_aortic_arch,S6_buttocks_iliac,6,0.1349147990201957,P01
S2_neck_aortic_arch,S6_buttocks_iliac,27,-0.5609982100918427,P02
S2_neck_aortic_arch,S6_buttocks_iliac,23,-0.4085362597202562,P03
S2_neck_aortic_arch,S6_buttocks_iliac,1,0.455470026434648,P04
S2_neck_aortic_arch,S6_buttocks_iliac,3,0.4468865864527284,P05
S2_neck_aortic_arch,S6_buttocks_iliac,4,0.47610616366382336,P06
S2_neck_aortic_arch,S6_buttocks_iliac,2,0.5346717438420903,P07
S2_neck_aortic_arch,S6_buttocks_iliac,13,0.08592527979492559,P08
S2_neck_aortic_arch,S6_buttocks_iliac,15,-0.01078620223592321,P09
S2_neck_aortic_arch,S6_buttocks_iliac,1,0.5679087781331607,P10
S2_neck_aortic_arch,S6_buttocks_iliac,2,0.3979316281105708,P11
S2_neck_aortic_arch,S6_buttocks_iliac,19,-0.15519415369739015,P12
S2_neck_aortic_arch,S6_buttocks_iliac,1,0.4557835686193215,P13
S2_neck_aortic_arch,S6_buttocks_iliac,1,0.47069443918499,P14
S2_neck_aortic_arch,S6_buttocks_iliac,11,0.07839851716001894,P15
S2_neck_aortic_arch,S6_buttocks_iliac,19,-0.10500122308566004,P16
S2_neck_aortic_arch,S6_buttocks_iliac,3,0.3468982125952395,P17
S2_neck_aortic_arch,S6_buttocks_iliac,16,-0.061108568975589896,P18
S2_neck_aortic_arch,S6_buttocks_iliac,20,-0.11638697777012957,P19
S2_neck_aortic_arch,S6_buttocks_iliac,24,-0.24711840357382536,P20
S2_neck_aortic_arch,S6_buttocks_iliac,8,0.2388368296151658,P21
S2_neck_aortic_arch,S6_buttocks_iliac,4,0.32350466492258195,P22
S2_neck_aortic_arch,S6_buttocks_iliac,5,0.45183392819565643,P23
S2_neck_aortic_arch,S6_buttocks_iliac,21,-0.18365998235149533,P24
S2_neck_aortic_arch,S6_buttocks_iliac,1,0.22592870966497233,P25
S2_neck_aortic_arch,S6_buttocks_iliac,1,0.6536493676905679,P26
S2_neck_aortic_arch,S6_buttocks_iliac,9,0.07642314482635257,P27
S2_neck_aortic_arch,S7_buttocks_iliac,4,0.29483509374746586,P01
S2_neck_aortic_arch,S7_buttocks_iliac,24,-0.4261591305874302,P02
S2_neck_aortic_arch,S7_buttocks_iliac,21,-0.4355227909032114,P03
S2_neck_aortic_arch,S7_buttocks_iliac,8,0.16381875983618444,P04
S2_neck_aortic_arch,S7_buttocks_iliac,1,0.6061765977244578,P05
S2_neck_aortic_arch,S7_buttocks_iliac,2,0.4993882788759285,P06
S2_neck_aortic_arch,S7_buttocks_iliac,11,0.05590174602096194,P07
S2_neck_aortic_arch,S7_buttocks_iliac,19,-0.1414491438660509,P08
S2_neck_aortic_arch,S7_buttocks_iliac,3,0.4328562473911356,P09
S2_neck_aortic_arch,S7_buttocks_iliac,1,0.6465701724538837,P10
S2_neck_aortic_arch,S7_buttocks_iliac,12,0.05573009322592841,P11
S2_neck_aortic_arch,S7_buttocks_iliac,24,-0.2147443924777688,P12
S2_neck_aortic_arch,S7_buttocks_iliac,2,0.29601990148665863,P13
S2_neck_aortic_arch,S7_buttocks_iliac,1,0.49570609014549094,P14
S2_neck_aortic_arch,S7_buttocks_iliac,19,-0.2869923517417896,P15
S2_neck_aortic_arch,S7_buttocks_iliac,20,-0.32399996151969634,P16
S2_neck_aortic_arch,S7_buttocks_iliac,1,0.6710148943793004,P17
S2_neck_aortic_arch,S7_buttocks_iliac,12,0.10700420593679483,P18
S2_neck_aortic_arch,S7_buttocks_iliac,23,-0.301757053394593,P19
S2_neck_aortic_arch,S7_buttocks_iliac,25,-0.5040146765006261,P20
S2_neck_aortic_arch,S7_buttocks_iliac,14,-0.003030189133961067,P21
S2_neck_aortic_arch,S7_buttocks_iliac,8,0.24914329450922598,P22
S2_neck_aortic_arch,S7_buttocks_iliac,3,0.5288512659769591,P23
S2_neck_aortic_arch,S7_buttocks_iliac,16,-0.13730684787109249,P24
S2_neck_aortic_arch,S7_buttocks_iliac,1,0.5902717062500489,P25
S2_neck_aortic_arch,S7_buttocks_iliac,9,0.280279389530895,P26
S2_neck_aortic_arch,S7_buttocks_iliac,16,-0.08630901215513682,P27
S2_neck_aortic_arch,S8_leg_femoral,2,0.5061756418634045,P01
S2_neck_aortic_arch,S8_leg_femoral,13,0.024843329755281002,P02
S2_neck_aortic_arch,S8_leg_femoral,2,0.518259723738505,P03
S2_neck_aortic_arch,S8_leg_femoral,6,0.34893260052834835,P04
S2_neck_aortic_arch,S8_leg_femoral,1,0.6936881609578359,P05
S2_neck_aortic_arch,S8_leg_femoral,7,0.15180447445232859,P06
S2_neck_aortic_arch,S8_leg_femoral,15,-0.13299268103349826,P07
S2_neck_aortic_arch,S8_leg_femoral,12,0.06559986945101579,P08
S2_neck_aortic_arch,S8_leg_femoral,4,0.41160119076337165,P09
S2_neck_aortic_arch,S8_leg_femoral,1,0.5528927625352089,P10
S2_neck_aortic_arch,S8_leg_femoral,14,-0.0012193326637471372,P11
S2_neck_aortic_arch,S8_leg_femoral,26,-0.26862571687443626,P12
S2_neck_aortic_arch,S8_leg_femoral,4,0.37459920858950635,P13
S2_neck_aortic_arch,S8_leg_femoral,3,0.44300848783303814,P14
S2_neck_aortic_arch,S8_leg_femoral,10,0.1692360918814576,P15
S2_neck_aortic_arch,S8_leg_femoral,18,-0.1873828194042157,P16
S2_neck_aortic_arch,S8_leg_femoral,1,0.7792961209026112,P17
S2_neck_aortic_arch,S8_leg_femoral,17,-0.09892706115881586,P18
S2_neck_aortic_arch,S8_leg_femoral,18,-0.15404067410223493,P19
S2_neck_aortic_arch,S8_leg_femoral,13,0.007973469674992233,P20
S2_neck_aortic_arch,S8_leg_femoral,26,-0.36395229907573895,P21
S2_neck_aortic_arch,S8_leg_femoral,7,0.2214459678935568,P22
S2_neck_aortic_arch,S8_leg_femoral,1,0.5963342684352553,P23
S2_neck_aortic_arch,S8_leg_femoral,12,0.06889271863169744,P24
S2_neck_aortic_arch,S8_leg_femoral,1,0.6370181531679505,P25
S2_neck_aortic_arch,S8_leg_femoral,14,0.034432805252990646,P26
S2_neck_aortic_arch,S8_leg_femoral,6,0.1608108470381288,P27
S3_chest_heart_aorta,S1_head_carotid,6,0.2702955857355433,P01
S3_chest_heart_aorta,S1_head_carotid,15,-0.04159192724382635,P02
S3_chest_heart_aorta,S1_head_carotid,18,-0.09715546159775054,P03
S3_chest_heart_aorta,S1_head_carotid,25,-0.5118341312880188,P04
S3_chest_heart_aorta,S1_head_carotid,4,0.26084626913507236,P05
S3_chest_heart_aorta,S1_head_carotid,2,0.4000912334046687,P06
S3_chest_heart_aorta,S1_head_carotid,9,0.10472224006709391,P07
S3_chest_heart_aorta,S1_head_carotid,5,0.43318246767362006,P08
S3_chest_heart_aorta,S1_head_carotid,11,0.17424659117719302,P09
S3_chest_heart_aorta,S1_head_carotid,4,0.41098504196108565,P10
S3_chest_heart_aorta,S1_head_carotid,3,0.4844250963332012,P11
S3_chest_heart_aorta,S1_head_carotid,18,-0.21266442387540918,P12
S3_chest_heart_aorta,S1_head_carotid,1,0.4732401903180281,P13
S3_chest_heart_aorta,S1_head_carotid,6,0.17391624507712067,P14
S3_chest_heart_aorta,S1_head_carotid,4,0.4633115028031886,P15
S3_chest_heart_aorta,S1_head_carotid,17,-0.11968775317236059,P16
S3_chest_heart_aorta,S1_head_carotid,3,0.23016091100689784,P17
S3_chest_heart_aorta,S1_head_carotid,20,-0.10599356179494977,P18
S3_chest_heart_aorta,S1_head_carotid,2,0.34581251532640184,P19
S3_chest_heart_aorta,S1_head_carotid,18,-0.10332339931118552,P20
S3_chest_heart_aorta,S1_head_carotid,27,-0.4046476582051978,P21
S3_chest_heart_aorta,S1_head_carotid,7,0.17958763604836214,P22
S3_chest_heart_aorta,S1_head_carotid,9,0.26687517039900244,P23
S3_chest_heart_aorta,S1_head_carotid,20,-0.15796771058654535,P24
S3_chest_heart_aorta,S1_head_carotid,7,0.2165191044692407,P25
S3_chest_heart_aorta,S1_head_carotid,17,-0.08704211485136668,P26
S3_chest_heart_aorta,S1_head_carotid,2,0.5801109030764836,P27
S3_chest_heart_aorta,S2_neck_aortic_arch,3,0.4446830698578915,P01
S3_chest_heart_aorta,S2_neck_aortic_arch,2,0.4420798859491708,P02
S3_chest_heart_aorta,S2_neck_aortic_arch,5,0.28010301218668304,P03
S3_chest_heart_aorta,S2_neck_aortic_arch,2,0.40030138603825394,P04
S3_chest_heart_aorta,S2_neck_aortic_arch,11,0.11354275873550312,P05
S3_chest_heart_aorta,S2_neck_aortic_arch,1,0.5246894230102078,P06
S3_chest_heart_aorta,S2_neck_aortic_arch,10,0.15549110457552123,P07
S3_chest_heart_aorta,S2_neck_aortic_arch,2,0.5983932904928585,P08
S3_chest_heart_aorta,S2_neck_aortic_arch,7,0.2885943859976944,P09
S3_chest_heart_aorta,S2_neck_aortic_arch,2,0.4104469480179875,P10
S3_chest_heart_aorta,S2_neck_aortic_arch,4,0.24928684272510676,P11
S3_chest_heart_aorta,S2_neck_aortic_arch,3,0.3285369389293951,P12
S3_chest_heart_aorta,S2_neck_aortic_arch,1,0.532372122792698,P13
S3_chest_heart_aorta,S2_neck_aortic_arch,6,0.21091061241444486,P14
S3_chest_heart_aorta,S2_neck_aortic_arch,9,0.027909763040949248,P15
S3_chest_heart_aorta,S2_neck_aortic_arch,27,-0.4626424156861731,P16
S3_chest_heart_aorta,S2_neck_aortic_arch,2,0.7025568273405712,P17
S3_chest_heart_aorta,S2_neck_aortic_arch,18,-0.16415117817867841,P18
S3_chest_heart_aorta,S2_neck_aortic_arch,1,0.8793451733155144,P19
S3_chest_heart_aorta,S2_neck_aortic_arch,6,0.2200056576245629,P20
S3_chest_heart_aorta,S2_neck_aortic_arch,14,0.0066205196034145875,P21
S3_chest_heart_aorta,S2_neck_aortic_arch,1,0.6693963881830887,P22
S3_chest_heart_aorta,S2_neck_aortic_arch,10,0.20885234716843115,P23
S3_chest_heart_aorta,S2_neck_aortic_arch,21,-0.21279175079357646,P24
S3_chest_heart_aorta,S2_neck_aortic_arch,3,0.4003952072742446,P25
S3_chest_heart_aorta,S2_neck_aortic_arch,18,-0.02763512613870918,P26
S3_chest_heart_aorta,S2_neck_aortic_arch,18,-0.08089748024415733,P27
S3_chest_heart_aorta,S4_chest_heart_aorta,11,0.21522857357974653,P01
S3_chest_heart_aorta,S4_chest_heart_aorta,21,-0.20784699748002652,P02
S3_chest_heart_aorta,S4_chest_heart_aorta,15,-0.06481459688110491,P03
S3_chest_heart_aorta,S4_chest_heart_aorta,24,-0.465489393656143,P04
S3_chest_heart_aorta,S4_chest_heart_aorta,14,-0.09051275107856102,P05
S3_chest_heart_aorta,S4_chest_heart_aorta,4,0.295925667942634,P06
S3_chest_heart_aorta,S4_chest_heart_aorta,15,0.08581693454259552,P07
S3_chest_heart_aorta,S4_chest_heart_aorta,18,-0.10026371196660533,P08
S3_chest_heart_aorta,S4_chest_heart_aorta,1,0.5243897628096011,P09
S3_chest_heart_aorta,S4_chest_heart_aorta,5,0.19129526605527958,P10
S3_chest_heart_aorta,S4_chest_heart_aorta,3,0.2935601316076784,P11
S3_chest_heart_aorta,S4_chest_heart_aorta,17,-0.01386721534719948,P12
S3_chest_heart_aorta,S4_chest_heart_aorta,19,-0.2462984512734616,P13
S3_chest_heart_aorta,S4_chest_heart_aorta,8,0.13755834029112549,P14
S3_chest_heart_aorta,S4_chest_heart_aorta,1,0.45313695010325217,P15
S3_chest_heart_aorta,S4_chest_heart_aorta,4,0.3920793454165945,P16
S3_chest_heart_aorta,S4_chest_heart_aorta,3,0.373001831615412,P17
S3_chest_heart_aorta,S4_chest_heart_aorta,7,0.22157968571183217,P18
S3_chest_heart_aorta,S4_chest_heart_aorta,4,0.25219005347177637,P19
S3_chest_heart_aorta,S4_chest_heart_aorta,9,0.19546263072004239,P20
S3_chest_heart_aorta,S4_chest_heart_aorta,22,-0.23409127841416905,P21
S3_chest_heart_aorta,S4_chest_heart_aorta,1,0.6846568262128975,P22
S3_chest_heart_aorta,S4_chest_heart_aorta,13,-0.0027873251772715033,P23
S3_chest_heart_aorta,S4_chest_heart_aorta,4,0.442313818670295,P24
S3_chest_heart_aorta,S4_chest_heart_aorta,22,-0.14005524139285122,P25
S3_chest_heart_aorta,S4_chest_heart_aorta,19,-0.17826511235858666,P26
S3_chest_heart_aorta,S4_chest_heart_aorta,2,0.659239290366264,P27
S3_chest_heart_aorta,S5_loins_renal_aorta,17,-0.10365903826638766,P01
S3_chest_heart_aorta,S5_loins_renal_aorta,16,-0.06532596334719204,P02
S3_chest_heart_aorta,S5_loins_renal_aorta,13,0.018399914871514794,P03
S3_chest_heart_aorta,S5_loins_renal_aorta,13,0.0023591485267019097,P04
S3_chest_heart_aorta,S5_loins_renal_aorta,1,0.4464710342575139,P05
S3_chest_heart_aorta,S5_loins_renal_aorta,16,-0.052230085613790535,P06
S3_chest_heart_aorta,S5_loins_renal_aorta,1,0.5372150867937957,P07
S3_chest_heart_aorta,S5_loins_renal_aorta,1,0.589207176620961,P08
S3_chest_heart_aorta,S5_loins_renal_aorta,5,0.365081494821373,P09
S3_chest_heart_aorta,S5_loins_renal_aorta,1,0.6420736255166751,P10
S3_chest_heart_aorta,S5_loins_renal_aorta,16,-0.03072604074458722,P11
S3_chest_heart_aorta,S5_loins_renal_aorta,2,0.31118735232579653,P12
S3_chest_heart_aorta,S5_loins_renal_aorta,3,0.4279111512726118,P13
S3_chest_heart_aorta,S5_loins_renal_aorta,1,0.5883129385883954,P14
S3_chest_heart_aorta,S5_loins_renal_aorta,12,0.039346686346453254,P15
S3_chest_heart_aorta,S5_loins_renal_aorta,3,0.4845741874435092,P16
S3_chest_heart_aorta,S5_loins_renal_aorta,2,0.40747714075228103,P17
S3_chest_heart_aorta,S5_loins_renal_aorta,18,-0.0868840111282457,P18
S3_chest_heart_aorta,S5_loins_renal_aorta,25,-0.31032413239408235,P19
S3_chest_heart_aorta,S5_loins_renal_aorta,21,-0.17515168549934787,P20
S3_chest_heart_aorta,S5_loins_renal_aorta,9,0.13852107778855255,P21
S3_chest_heart_aorta,S5_loins_renal_aorta,1,0.8034847941735328,P22
S3_chest_heart_aorta,S5_loins_renal_aorta,14,0.008384359144290823,P23
S3_chest_heart_aorta,S5_loins_renal_aorta,5,0.2970680449017047,P24
S3_chest_heart_aorta,S5_loins_renal_aorta,3,0.28026393058968324,P25
S3_chest_heart_aorta,S5_loins_renal_aorta,15,-0.077418181807999,P26
S3_chest_heart_aorta,S5_loins_renal_aorta,8,0.06487973888489341,P27
S3_chest_heart_aorta,S6_buttocks_iliac,11,0.13692437694494702,P01
S3_chest_heart_aorta,S6_buttocks_iliac,16,-0.08342398923488784,P02
S3_chest_heart_aorta,S6_buttocks_iliac,17,-0.18195912043448675,P03
S3_chest_heart_aorta,S6_buttocks_iliac,10,0.030243546800740095,P04
S3_chest_heart_aorta,S6_buttocks_iliac,8,0.09569054728093193,P05
S3_chest_heart_aorta,S6_buttocks_iliac,4,0.4340991113497298,P06
S3_chest_heart_aorta,S6_buttocks_iliac,14,0.08046412585230338,P07
S3_chest_heart_aorta,S6_buttocks_iliac,2,0.40653845755022344,P08
S3_chest_heart_aorta,S6_buttocks_iliac,6,0.20266562351391504,P09
S3_chest_heart_aorta,S6_buttocks_iliac,4,0.38064031333182435,P10
S3_chest_heart_aorta,S6_buttocks_iliac,14,-0.0546930348794383,P11
S3_chest_heart_aorta,S6_buttocks_iliac,15,-0.0979814294271783,P12
S3_chest_heart_aorta,S6_buttocks_iliac,5,0.3352791827391761,P13
S3_chest_heart_aorta,S6_buttocks_iliac,7,0.288346026113885,P14
S3_chest_heart_aorta,S6_buttocks_iliac,4,0.4437039899601559,P15
S3_chest_heart_aorta,S6_buttocks_iliac,4,0.29685048653644786,P16
S3_chest_heart_aorta,S6_buttocks_iliac,3,0.5064695087288047,P17
S3_chest_heart_aorta,S6_buttocks_iliac,14,0.034741399081144125,P18
S3_chest_heart_aorta,S6_buttocks_iliac,9,0.07188591653250993,P19
S3_chest_heart_aorta,S6_buttocks_iliac,13,0.11538287088632769,P20
S3_chest_heart_aorta,S6_buttocks_iliac,6,0.4099390606560601,P21
S3_chest_heart_aorta,S6_buttocks_iliac,1,0.6805743449397527,P22
S3_chest_heart_aorta,S6_buttocks_iliac,11,0.13252142959883537,P23
S3_chest_heart_aorta,S6_buttocks_iliac,26,-0.3183919764419977,P24
S3_chest_heart_aorta,S6_buttocks_iliac,15,0.010054927586767737,P25
S3_chest_heart_aorta,S6_buttocks_iliac,12,0.10357324657849591,P26
S3_chest_heart_aorta,S6_buttocks_iliac,13,0.02200243239506404,P27
S3_chest_heart_aorta,S7_buttocks_iliac,3,0.4235214413267497,P01
S3_chest_heart_aorta,S7_buttocks_iliac,7,0.31621953249000057,P02
S3_chest_heart_aorta,S7_buttocks_iliac,17,-0.17716531645522635,P03
S3_chest_heart_aorta,S7_buttocks_iliac,21,-0.22344731470988208,P04
S3_chest_heart_aorta,S7_buttocks_iliac,14,-0.004816454544951165,P05
S3_chest_heart_aorta,S7_buttocks_iliac,1,0.6500127341348474,P06
S3_chest_heart_aorta,S7_buttocks_iliac,15,-0.032376581231145826,P07
S3_chest_heart_aorta,S7_buttocks_iliac,2,0.25777338057571236,P08
S3_chest_heart_aorta,S7_buttocks_iliac,8,0.1839233108178152,P09
S3_chest_heart_aorta,S7_buttocks_iliac,4,0.3866138538972402,P10
S3_chest_heart_aorta,S7_buttocks_iliac,7,0.18484186012681098,P11
S3_chest_heart_aorta,S7_buttocks_iliac,17,-0.08047442697833665,P12
S3_chest_heart_aorta,S7_buttocks_iliac,6,0.30531179745836057,P13
S3_chest_heart_aorta,S7_buttocks_iliac,5,0.34671896289167115,P14
S3_chest_heart_aorta,S7_buttocks_iliac,4,0.5052006146241036,P15
S3_chest_heart_aorta,S7_buttocks_iliac,7,0.31366937821815666,P16
S3_chest_heart_aorta,S7_buttocks_iliac,4,0.46092372839275014,P17
S3_chest_heart_aorta,S7_buttocks_iliac,18,-0.1463949523903184,P18
S3_chest_heart_aorta,S7_buttocks_iliac,9,0.1748780558602836,P19
S3_chest_heart_aorta,S7_buttocks_iliac,13,0.04839111615324766,P20
S3_chest_heart_aorta,S7_buttocks_iliac,5,0.18322902626948523,P21
S3_chest_heart_aorta,S7_buttocks_iliac,1,0.5954353927959751,P22
S3_chest_heart_aorta,S7_buttocks_iliac,12,0.18979044412629759,P23
S3_chest_heart_aorta,S7_buttocks_iliac,23,-0.30558969069249964,P24
S3_chest_heart_aorta,S7_buttocks_iliac,3,0.33659660795040397,P25
S3_chest_heart_aorta,S7_buttocks_iliac,17,-0.21055601615375516,P26
S3_chest_heart_aorta,S7_buttocks_iliac,26,-0.49755949655562565,P27
S3_chest_heart_aorta,S8_leg_femoral,1,0.4463274637110568,P01
S3_chest_heart_aorta,S8_leg_femoral,3,0.28660313736442755,P02
S3_chest_heart_aorta,S8_leg_femoral,15,-0.05750712011589176,P03
S3_chest_heart_aorta,S8_leg_femoral,11,0.055065575960829255,P04
S3_chest_heart_aorta,S8_leg_femoral,10,0.15594967610436317,P05
S3_chest_heart_aorta,S8_leg_femoral,1,0.5125949309486144,P06
S3_chest_heart_aorta,S8_leg_femoral,15,-0.052570620681701166,P07
S3_chest_heart_aorta,S8_leg_femoral,1,0.47831782399249756,P08
S3_chest_heart_aorta,S8_leg_femoral,14,0.004031268587627215,P09
S3_chest_heart_aorta,S8_leg_femoral,2,0.4734784490990427,P10
S3_chest_heart_aorta,S8_leg_femoral,10,0.033838750032266454,P11
S3_chest_heart_aorta,S8_leg_femoral,21,-0.1847623998715334,P12
S3_chest_heart_aorta,S8_leg_femoral,3,0.3331806829132349,P13
S3_chest_heart_aorta,S8_leg_femoral,7,0.220282279058267,P14
S3_chest_heart_aorta,S8_leg_femoral,3,0.47888528216390003,P15
S3_chest_heart_aorta,S8_leg_femoral,13,0.045569981457476955,P16
S3_chest_heart_aorta,S8_leg_femoral,2,0.5996121079182682,P17
S3_chest_heart_aorta,S8_leg_femoral,8,0.1713555587182852,P18
S3_chest_heart_aorta,S8_leg_femoral,11,0.27862560824796,P19
S3_chest_heart_aorta,S8_leg_femoral,6,0.2549924277307208,P20
S3_chest_heart_aorta,S8_leg_femoral,7,0.30692068830947133,P21
S3_chest_heart_aorta,S8_leg_femoral,2,0.4287429160234019,P22
S3_chest_heart_aorta,S8_leg_femoral,9,0.29433055823909604,P23
S3_chest_heart_aorta,S8_leg_femoral,25,-0.24226932033957738,P24
S3_chest_heart_aorta,S8_leg_femoral,6,0.2998670711845376,P25
S3_chest_heart_aorta,S8_leg_femoral,21,-0.3289454295059177,P26
S3_chest_heart_aorta,S8_leg_femoral,23,-0.2699223235525532,P27
S4_chest_heart_aorta,S1_head_carotid,1,0.45448575986090367,P01
S4_chest_heart_aorta,S1_head_carotid,3,0.4458469564476339,P02
S4_chest_heart_aorta,S1_head_carotid,20,-0.1945931163164638,P03
S4_chest_heart_aorta,S1_head_carotid,1,0.7048987402520512,P04
S4_chest_heart_aorta,S1_head_carotid,4,0.34410386394265646,P05
S4_chest_heart_aorta,S1_head_carotid,4,0.24038776647940863,P06
S4_chest_heart_aorta,S1_head_carotid,4,0.24211567438346937,P07
S4_chest_heart_aorta,S1_head_carotid,22,-0.27656895628686196,P08
S4_chest_heart_aorta,S1_head_carotid,12,0.1089445606160735,P09
S4_chest_heart_aorta,S1_head_carotid,3,0.38336434776530137,P10
S4_chest_heart_aorta,S1_head_carotid,5,0.37296734126130626,P11
S4_chest_heart_aorta,S1_head_carotid,16,-0.09421671516023067,P12
S4_chest_heart_aorta,S1_head_carotid,22,-0.38510192871763915,P13
S4_chest_heart_aorta,S1_head_carotid,17,-0.08119781950717189,P14
S4_chest_heart_aorta,S1_head_carotid,5,0.31190567672549185,P15
S4_chest_heart_aorta,S1_head_carotid,15,-0.013596641552264532,P16
S4_chest_heart_aorta,S1_head_carotid,1,0.32970364926222145,P17
S4_chest_heart_aorta,S1_head_carotid,19,-0.07326086164582465,P18
S4_chest_heart_aorta,S1_head_carotid,4,0.3033068373973085,P19
S4_chest_heart_aorta,S1_head_carotid,16,-0.06340041038216204,P20
S4_chest_heart_aorta,S1_head_carotid,9,0.21510730105387746,P21
S4_chest_heart_aorta,S1_head_carotid,4,0.30313918039474597,P22
S4_chest_heart_aorta,S1_head_carotid,4,0.3639194499541806,P23
S4_chest_heart_aorta,S1_head_carotid,18,-0.03141058548395409,P24
S4_chest_heart_aorta,S1_head_carotid,25,-0.30139674997170546,P25
S4_chest_heart_aorta,S1_head_carotid,11,0.14335051314229963,P26
S4_chest_heart_aorta,S1_head_carotid,2,0.7738374122984182,P27
S4_chest_heart_aorta,S2_neck_aortic_arch,18,-0.03645425139235584,P01
S4_chest_heart_aorta,S2_neck_aortic_arch,9,0.11449264811258035,P02
S4_chest_heart_aorta,S2_neck_aortic_arch,23,-0.332938357450573,P03
S4_chest_heart_aorta,S2_neck_aortic_arch,20,-0.15279965354616282,P04
S4_chest_heart_aorta,S2_neck_aortic_arch,2,0.3263403254807196,P05
S4_chest_heart_aorta,S2_neck_aortic_arch,1,0.3037792018821024,P06
S4_chest_heart_aorta,S2_neck_aortic_arch,7,0.16666326270555457,P07
S4_chest_heart_aorta,S2_neck_aortic_arch,18,-0.1756072222539025,P08
S4_chest_heart_aorta,S2_neck_aortic_arch,14,-0.01579418127035956,P09
S4_chest_heart_aorta,S2_neck_aortic_arch,1,0.4488923460156776,P10
S4_chest_heart_aorta,S2_neck_aortic_arch,15,-0.017513102431734397,P11
S4_chest_heart_aorta,S2_neck_aortic_arch,3,0.3210609557544874,P12
S4_chest_heart_aorta,S2_neck_aortic_arch,23,-0.36901608150023796,P13
S4_chest_heart_aorta,S2_neck_aortic_arch,1,0.4306305117670973,P14
S4_chest_heart_aorta,S2_neck_aortic_arch,1,0.731636823443929,P15
S4_chest_heart_aorta,S2_neck_aortic_arch,13,0.0645599704649365,P16
S4_chest_heart_aorta,S2_neck_aortic_arch,3,0.4740859489650588,P17
S4_chest_heart_aorta,S2_neck_aortic_arch,16,-0.00813073643473848,P18
S4_chest_heart_aorta,S2_neck_aortic_arch,12,0.10768051143637282,P19
S4_chest_heart_aorta,S2_neck_aortic_arch,1,0.48751432068326933,P20
S4_chest_heart_aorta,S2_neck_aortic_arch,15,-0.03980762579571029,P21
S4_chest_heart_aorta,S2_neck_aortic_arch,1,0.6437691874700059,P22
S4_chest_heart_aorta,S2_neck_aortic_arch,1,0.5651869799357736,P23
S4_chest_heart_aorta,S2_neck_aortic_arch,18,-0.026337429915969976,P24
S4_chest_heart_aorta,S2_neck_aortic_arch,20,-0.1528135955784778,P25
S4_chest_heart_aorta,S2_neck_aortic_arch,15,-0.01664691160704494,P26
S4_chest_heart_aorta,S2_neck_aortic_arch,6,0.1813976444461892,P27
S4_chest_heart_aorta,S3_chest_heart_aorta,16,-0.02139731382261713,P01
S4_chest_heart_aorta,S3_chest_heart_aorta,16,-0.08782991534913134,P02
S4_chest_heart_aorta,S3_chest_heart_aorta,21,-0.2594677906409172,P03
S4_chest_heart_aorta,S3_chest_heart_aorta,21,-0.2842555092229345,P04
S4_chest_heart_aorta,S3_chest_heart_aorta,18,-0.14498759009600928,P05
S4_chest_heart_aorta,S3_chest_heart_aorta,15,0.018609977236510367,P06
S4_chest_heart_aorta,S3_chest_heart_aorta,9,0.11279574618485697,P07
S4_chest_heart_aorta,S3_chest_heart_aorta,22,-0.3089519511072992,P08
S4_chest_heart_aorta,S3_chest_heart_aorta,3,0.42245077837346146,P09
S4_chest_heart_aorta,S3_chest_heart_aorta,19,-0.04848029464362566,P10
S4_chest_heart_aorta,S3_chest_heart_aorta,8,0.2882275236448353,P11
S4_chest_heart_aorta,S3_chest_heart_aorta,17,-0.13189211395871553,P12
S4_chest_heart_aorta,S3_chest_heart_aorta,22,-0.40896249720113026,P13
S4_chest_heart_aorta,S3_chest_heart_aorta,8,0.18067298718022745,P14
S4_chest_heart_aorta,S3_chest_heart_aorta,1,0.5563918380282926,P15
S4_chest_heart_aorta,S3_chest_heart_aorta,11,0.051359821097684596,P16
S4_chest_heart_aorta,S3_chest_heart_aorta,3,0.375808537505001,P17
S4_chest_heart_aorta,S3_chest_heart_aorta,12,0.10198868333859011,P18
S4_chest_heart_aorta,S3_chest_heart_aorta,14,0.07022876691224321,P19
S4_chest_heart_aorta,S3_chest_heart_aorta,6,0.23833307244295016,P20
S4_chest_heart_aorta,S3_chest_heart_aorta,14,0.04118772067757595,P21
S4_chest_heart_aorta,S3_chest_heart_aorta,1,0.5439140904096942,P22
S4_chest_heart_aorta,S3_chest_heart_aorta,17,-0.09725566805002853,P23
S4_chest_heart_aorta,S3_chest_heart_aorta,3,0.3661486024035923,P24
S4_chest_heart_aorta,S3_chest_heart_aorta,7,0.20537464109768683,P25
S4_chest_heart_aorta,S3_chest_heart_aorta,26,-0.508587556932063,P26
S4_chest_heart_aorta,S3_chest_heart_aorta,1,0.6286049434665442,P27
S4_chest_heart_aorta,S5_loins_renal_aorta,9,0.06433742175360962,P01
S4_chest_heart_aorta,S5_loins_renal_aorta,3,0.5140472146168599,P02
S4_chest_heart_aorta,S5_loins_renal_aorta,7,0.2565162267618533,P03
S4_chest_heart_aorta,S5_loins_renal_aorta,4,0.2540860530338225,P04
S4_chest_heart_aorta,S5_loins_renal_aorta,14,-0.004267929779198737,P05
S4_chest_heart_aorta,S5_loins_renal_aorta,1,0.6323440620552496,P06
S4_chest_heart_aorta,S5_loins_renal_aorta,11,0.06259672514694412,P07
S4_chest_heart_aorta,S5_loins_renal_aorta,22,-0.20479823101312894,P08
S4_chest_heart_aorta,S5_loins_renal_aorta,8,0.2020971709345909,P09
S4_chest_heart_aorta,S5_loins_renal_aorta,19,-0.13533392916661113,P10
S4_chest_heart_aorta,S5_loins_renal_aorta,14,0.024029194859891828,P11
S4_chest_heart_aorta,S5_loins_renal_aorta,13,-0.02761929029856397,P12
S4_chest_heart_aorta,S5_loins_renal_aorta,16,-0.09035819485130824,P13
S4_chest_heart_aorta,S5_loins_renal_aorta,16,-0.09206014894048786,P14
S4_chest_heart_aorta,S5_loins_renal_aorta,21,-0.23408720950946804,P15
S4_chest_heart_aorta,S5_loins_renal_aorta,10,0.10019629182877106,P16
S4_chest_heart_aorta,S5_loins_renal_aorta,3,0.3484719684671162,P17
S4_chest_heart_aorta,S5_loins_renal_aorta,14,0.024701916840664605,P18
S4_chest_heart_aorta,S5_loins_renal_aorta,3,0.3835314621181336,P19
S4_chest_heart_aorta,S5_loins_renal_aorta,7,0.3383934272079167,P20
S4_chest_heart_aorta,S5_loins_renal_aorta,17,-0.07469106071990718,P21
S4_chest_heart_aorta,S5_loins_renal_aorta,1,0.5978168985865789,P22
S4_chest_heart_aorta,S5_loins_renal_aorta,2,0.405699117932824,P23
S4_chest_heart_aorta,S5_loins_renal_aorta,4,0.2857447177722835,P24
S4_chest_heart_aorta,S5_loins_renal_aorta,3,0.2592755711567609,P25
S4_chest_heart_aorta,S5_loins_renal_aorta,7,0.2575364250096427,P26
S4_chest_heart_aorta,S5_loins_renal_aorta,3,0.26338943406162796,P27
S4_chest_heart_aorta,S6_buttocks_iliac,1,0.4846797566784441,P01
S4_chest_heart_aorta,S6_buttocks_iliac,12,0.04976398125451556,P02
S4_chest_heart_aorta,S6_buttocks_iliac,4,0.4325799542581647,P03
S4_chest_heart_aorta,S6_buttocks_iliac,11,0.00834941098179555,P04
S4_chest_heart_aorta,S6_buttocks_iliac,2,0.3480711256219199,P05
S4_chest_heart_aorta,S6_buttocks_iliac,18,-0.17466481100976572,P06
S4_chest_heart_aorta,S6_buttocks_iliac,11,0.11601335859913377,P07
S4_chest_heart_aorta,S6_buttocks_iliac,6,0.15963868527734404,P08
S4_chest_heart_aorta,S6_buttocks_iliac,4,0.24685442363997476,P09
S4_chest_heart_aorta,S6_buttocks_iliac,2,0.6004868699971998,P10
S4_chest_heart_aorta,S6_buttocks_iliac,11,0.10655306419301735,P11
S4_chest_heart_aorta,S6_buttocks_iliac,10,0.10742645287238682,P12
S4_chest_heart_aorta,S6_buttocks_iliac,24,-0.40945124747485645,P13
S4_chest_heart_aorta,S6_buttocks_iliac,3,0.23960607508303627,P14
S4_chest_heart_aorta,S6_buttocks_iliac,8,0.3170547298962359,P15
S4_chest_heart_aorta,S6_buttocks_iliac,17,-0.10148889195528266,P16
S4_chest_heart_aorta,S6_buttocks_iliac,6,0.19624895495418088,P17
S4_chest_heart_aorta,S6_buttocks_iliac,13,0.07654077533207625,P18
S4_chest_heart_aorta,S6_buttocks_iliac,1,0.6383765507392608,P19
S4_chest_heart_aorta,S6_buttocks_iliac,22,-0.12676167941370828,P20
S4_chest_heart_aorta,S6_buttocks_iliac,13,0.04950928102268348,P21
S4_chest_heart_aorta,S6_buttocks_iliac,2,0.43959377885465223,P22
S4_chest_heart_aorta,S6_buttocks_iliac,1,0.8259642324047956,P23
S4_chest_heart_aorta,S6_buttocks_iliac,3,0.27062541247591326,P24
S4_chest_heart_aorta,S6_buttocks_iliac,1,0.5094278621811026,P25
S4_chest_heart_aorta,S6_buttocks_iliac,24,-0.319731794852494,P26
S4_chest_heart_aorta,S6_buttocks_iliac,8,0.14079160085150982,P27
S4_chest_heart_aorta,S7_buttocks_iliac,2,0.4356869945840188,P01
S4_chest_heart_aorta,S7_buttocks_iliac,13,0.045944459040123495,P02
S4_chest_heart_aorta,S7_buttocks_iliac,3,0.5246154549989646,P03
S4_chest_heart_aorta,S7_buttocks_iliac,5,0.21907796593016687,P04
S4_chest_heart_aorta,S7_buttocks_iliac,2,0.46825523452121626,P05
S4_chest_heart_aorta,S7_buttocks_iliac,7,0.17453149793542902,P06
S4_chest_heart_aorta,S7_buttocks_iliac,15,-0.024325378677868756,P07
S4_chest_heart_aorta,S7_buttocks_iliac,3,0.26397020961306017,P08
S4_chest_heart_aorta,S7_buttocks_iliac,17,-0.12544971151583317,P09
S4_chest_heart_aorta,S7_buttocks_iliac,3,0.3498045847831862,P10
S4_chest_heart_aorta,S7_buttocks_iliac,3,0.33431582820829503,P11
S4_chest_heart_aorta,S7_buttocks_iliac,22,-0.15829374226091197,P12
S4_chest_heart_aorta,S7_buttocks_iliac,23,-0.2869592865861208,P13
S4_chest_heart_aorta,S7_buttocks_iliac,6,0.2062369949659527,P14
S4_chest_heart_aorta,S7_buttocks_iliac,15,-0.02244774392676996,P15
S4_chest_heart_aorta,S7_buttocks_iliac,8,0.25330964638414855,P16
S4_chest_heart_aorta,S7_buttocks_iliac,4,0.45199410976646376,P17
S4_chest_heart_aorta,S7_buttocks_iliac,10,0.2026046368332275,P18
S4_chest_heart_aorta,S7_buttocks_iliac,2,0.3895933455741015,P19
S4_chest_heart_aorta,S7_buttocks_iliac,17,-0.08761561894607489,P20
S4_chest_heart_aorta,S7_buttocks_iliac,4,0.2627235254111107,P21
S4_chest_heart_aorta,S7_buttocks_iliac,1,0.5948603390557334,P22
S4_chest_heart_aorta,S7_buttocks_iliac,1,0.7077802683737631,P23
S4_chest_heart_aorta,S7_buttocks_iliac,22,-0.23853196349215097,P24
S4_chest_heart_aorta,S7_buttocks_iliac,7,0.1396013051548448,P25
S4_chest_heart_aorta,S7_buttocks_iliac,4,0.4299650294752256,P26
S4_chest_heart_aorta,S7_buttocks_iliac,25,-0.508635672340886,P27
S4_chest_heart_aorta,S8_leg_femoral,7,0.13064062769534202,P01
S4_chest_heart_aorta,S8_leg_femoral,24,-0.2631989431275631,P02
S4_chest_heart_aorta,S8_leg_femoral,21,-0.17341243508019238,P03
S4_chest_heart_aorta,S8_leg_femoral,19,-0.10992643875657096,P04
S4_chest_heart_aorta,S8_leg_femoral,1,0.38058446199050244,P05
S4_chest_heart_aorta,S8_leg_femoral,10,0.09436670466779723,P06
S4_chest_heart_aorta,S8_leg_femoral,8,0.19145658825579065,P07
S4_chest_heart_aorta,S8_leg_femoral,13,0.013884913432757523,P08
S4_chest_heart_aorta,S8_leg_femoral,23,-0.28587639270495874,P09
S4_chest_heart_aorta,S8_leg_femoral,10,0.18398590109849466,P10
S4_chest_heart_aorta,S8_leg_femoral,8,0.1220779044280894,P11
S4_chest_heart_aorta,S8_leg_femoral,19,-0.12841015044443344,P12
S4_chest_heart_aorta,S8_leg_femoral,25,-0.4374491418043416,P13
S4_chest_heart_aorta,S8_leg_femoral,6,0.3757236865027396,P14
S4_chest_heart_aorta,S8_leg_femoral,4,0.4136852071987555,P15
S4_chest_heart_aorta,S8_leg_femoral,11,0.07556123958186342,P16
S4_chest_heart_aorta,S8_leg_femoral,5,0.39205099192524395,P17
S4_chest_heart_aorta,S8_leg_femoral,8,0.10685578467781709,P18
S4_chest_heart_aorta,S8_leg_femoral,4,0.3504137091677869,P19
S4_chest_heart_aorta,S8_leg_femoral,10,0.035063492977878266,P20
S4_chest_heart_aorta,S8_leg_femoral,23,-0.21740090018396227,P21
S4_chest_heart_aorta,S8_leg_femoral,1,0.4471962814937553,P22
S4_chest_heart_aorta,S8_leg_femoral,1,0.6212721258067354,P23
S4_chest_heart_aorta,S8_leg_femoral,3,0.28715829180950675,P24
S4_chest_heart_aorta,S8_leg_femoral,6,0.12719748187504176,P25
S4_chest_heart_aorta,S8_leg_femoral,6,0.3568582356854578,P26
S4_chest_heart_aorta,S8_leg_femoral,8,0.0876769356306027,P27
S5_loins_renal_aorta,S1_head_carotid,21,-0.125852360788959,P01
S5_loins_renal_aorta,S1_head_carotid,8,0.19565953707020717,P02
S5_loins_renal_aorta,S1_head_carotid,25,-0.39874725103193764,P03
S5_loins_renal_aorta,S1_head_carotid,10,0.21113917863763448,P04
S5_loins_renal_aorta,S1_head_carotid,4,0.36627843262479487,P05
S5_loins_renal_aorta,S1_head_carotid,4,0.3216092057894781,P06
S5_loins_renal_aorta,S1_head_carotid,14,-0.05979075233141254,P07
S5_loins_renal_aorta,S1_head_carotid,16,-0.03856458668795202,P08
S5_loins_renal_aorta,S1_head_carotid,24,-0.30154705928204495,P09
S5_loins_renal_aorta,S1_head_carotid,5,0.28945125756625023,P10
S5_loins_renal_aorta,S1_head_carotid,7,0.30948608647952147,P11
S5_loins_renal_aorta,S1_head_carotid,19,-0.11496666336655469,P12
S5_loins_renal_aorta,S1_head_carotid,11,0.11999489434046404,P13
S5_loins_renal_aorta,S1_head_carotid,14,0.04580187430205579,P14
S5_loins_renal_aorta,S1_head_carotid,13,-0.05237418468661073,P15
S5_loins_renal_aorta,S1_head_carotid,10,0.15673735299748748,P16
S5_loins_renal_aorta,S1_head_carotid,12,0.03494379112519429,P17
S5_loins_renal_aorta,S1_head_carotid,13,-0.027739855740166942,P18
S5_loins_renal_aorta,S1_head_carotid,3,0.30502329029078434,P19
S5_loins_renal_aorta,S1_head_carotid,10,0.16861144204002187,P20
S5_loins_renal_aorta,S1_head_carotid,26,-0.42313220907654314,P21
S5_loins_renal_aorta,S1_head_carotid,5,0.3200657161805471,P22
S5_loins_renal_aorta,S1_head_carotid,13,-0.03796104853932393,P23
S5_loins_renal_aorta,S1_head_carotid,7,0.1220683474375239,P24
S5_loins_renal_aorta,S1_head_carotid,14,-0.05053078022354566,P25
S5_loins_renal_aorta,S1_head_carotid,4,0.3369822920264882,P26
S5_loins_renal_aorta,S1_head_carotid,23,-0.33582581864528854,P27
S5_loins_renal_aorta,S2_neck_aortic_arch,17,-0.13368780531404378,P01
S5_loins_renal_aorta,S2_neck_aortic_arch,4,0.38626708068822674,P02
S5_loins_renal_aorta,S2_neck_aortic_arch,23,-0.34312468768039317,P03
S5_loins_renal_aorta,S2_neck_aortic_arch,1,0.6541591750077153,P04
S5_loins_renal_aorta,S2_neck_aortic_arch,8,0.09072226638783273,P05
S5_loins_renal_aorta,S2_neck_aortic_arch,3,0.4070520884376312,P06
S5_loins_renal_aorta,S2_neck_aortic_arch,10,0.13118430929911318,P07
S5_loins_renal_aorta,S2_neck_aortic_arch,8,0.32227775714105644,P08
S5_loins_renal_aorta,S2_neck_aortic_arch,9,0.15711631303121248,P09
S5_loins_renal_aorta,S2_neck_aortic_arch,1,0.5628192648924615,P10
S5_loins_renal_aorta,S2_neck_aortic_arch,1,0.5223793867597415,P11
S5_loins_renal_aorta,S2_neck_aortic_arch,4,0.22304680975646424,P12
S5_loins_renal_aorta,S2_neck_aortic_arch,4,0.45603672956506147,P13
S5_loins_renal_aorta,S2_neck_aortic_arch,11,0.05744567642215423,P14
S5_loins_renal_aorta,S2_neck_aortic_arch,20,-0.24490562841309604,P15
S5_loins_renal_aorta,S2_neck_aortic_arch,20,-0.30779383852658226,P16
S5_loins_renal_aorta,S2_neck_aortic_arch,9,0.20853452115779453,P17
S5_loins_renal_aorta,S2_neck_aortic_arch,21,-0.23630881625281638,P18
S5_loins_renal_aorta,S2_neck_aortic_arch,22,-0.38082737772942743,P19
S5_loins_renal_aorta,S2_neck_aortic_arch,7,0.37634038443425,P20
S5_loins_renal_aorta,S2_neck_aortic_arch,5,0.332447537658473,P21
S5_loins_renal_aorta,S2_neck_aortic_arch,1,0.6563135033193424,P22
S5_loins_renal_aorta,S2_neck_aortic_arch,8,0.08269217195059417,P23
S5_loins_renal_aorta,S2_neck_aortic_arch,17,-0.1299358800647894,P24
S5_loins_renal_aorta,S2_neck_aortic_arch,7,0.21049982790844596,P25
S5_loins_renal_aorta,S2_neck_aortic_arch,2,0.44852604575059507,P26
S5_loins_renal_aorta,S2_neck_aortic_arch,16,-0.04692225092974169,P27
S5_loins_renal_aorta,S3_chest_heart_aorta,22,-0.22601211934865773,P01
S5_loins_renal_aorta,S3_chest_heart_aorta,6,0.3043953351104087,P02
S5_loins_renal_aorta,S3_chest_heart_aorta,21,-0.17728307358342454,P03
S5_loins_renal_aorta,S3_chest_heart_aorta,7,0.3432764398581402,P04
S5_loins_renal_aorta,S3_chest_heart_aorta,5,0.3877751586298055,P05
S5_loins_renal_aorta,S3_chest_heart_aorta,17,-0.0785212993203355,P06
S5_loins_renal_aorta,S3_chest_heart_aorta,2,0.5256741776663403,P07
S5_loins_renal_aorta,S3_chest_heart_aorta,5,0.4239495239527974,P08
S5_loins_renal_aorta,S3_chest_heart_aorta,1,0.5585803618376686,P09
S5_loins_renal_aorta,S3_chest_heart_aorta,1,0.6111508286682775,P10
S5_loins_renal_aorta,S3_chest_heart_aorta,6,0.48949580455211084,P11
S5_loins_renal_aorta,S3_chest_heart_aorta,1,0.584671617771834,P12
S5_loins_renal_aorta,S3_chest_heart_aorta,4,0.4585962327464588,P13
S5_loins_renal_aorta,S3_chest_heart_aorta,4,0.36307064333177785,P14
S5_loins_renal_aorta,S3_chest_heart_aorta,9,0.11735033832545444,P15
S5_loins_renal_aorta,S3_chest_heart_aorta,7,0.2229878910477343,P16
S5_loins_renal_aorta,S3_chest_heart_aorta,2,0.3615277213359946,P17
S5_loins_renal_aorta,S3_chest_heart_aorta,3,0.4384337734559982,P18
S5_loins_renal_aorta,S3_chest_heart_aorta,15,-0.12571073849342626,P19
S5_loins_renal_aorta,S3_chest_heart_aorta,19,-0.08028033378263678,P20
S5_loins_renal_aorta,S3_chest_heart_aorta,7,0.18221066329407273,P21
S5_loins_renal_aorta,S3_chest_heart_aorta,1,0.7347511220263969,P22
S5_loins_renal_aorta,S3_chest_heart_aorta,1,0.521549841554181,P23
S5_loins_renal_aorta,S3_chest_heart_aorta,13,-0.02496132271848264,P24
S5_loins_renal_aorta,S3_chest_heart_aorta,12,0.05952134079243402,P25
S5_loins_renal_aorta,S3_chest_heart_aorta,22,-0.20646283512883842,P26
S5_loins_renal_aorta,S3_chest_heart_aorta,20,-0.12596146837475244,P27
S5_loins_renal_aorta,S4_chest_heart_aorta,13,0.0027347725972182504,P01
S5_loins_renal_aorta,S4_chest_heart_aorta,9,0.2875946634203395,P02
S5_loins_renal_aorta,S4_chest_heart_aorta,4,0.4707634711674824,P03
S5_loins_renal_aorta,S4_chest_heart_aorta,12,0.06875988841677902,P04
S5_loins_renal_aorta,S4_chest_heart_aorta,17,-0.05974632190993857,P05
S5_loins_renal_aorta,S4_chest_heart_aorta,1,0.5908373426764053,P06
S5_loins_renal_aorta,S4_chest_heart_aorta,7,0.12414714496560347,P07
S5_loins_renal_aorta,S4_chest_heart_aorta,18,-0.11031668244480139,P08
S5_loins_renal_aorta,S4_chest_heart_aorta,7,0.1994142606665467,P09
S5_loins_renal_aorta,S4_chest_heart_aorta,6,0.16740845204725713,P10
S5_loins_renal_aorta,S4_chest_heart_aorta,9,0.11774773631570146,P11
S5_loins_renal_aorta,S4_chest_heart_aorta,19,-0.1678318008400452,P12
S5_loins_renal_aorta,S4_chest_heart_aorta,21,-0.20734054780485625,P13
S5_loins_renal_aorta,S4_chest_heart_aorta,17,-0.03300763182705249,P14
S5_loins_renal_aorta,S4_chest_heart_aorta,12,0.029308757524972136,P15
S5_loins_renal_aorta,S4_chest_heart_aorta,6,0.2705334650632031,P16
S5_loins_renal_aorta,S4_chest_heart_aorta,5,0.24522316692955892,P17
S5_loins_renal_aorta,S4_chest_heart_aorta,11,0.0773001820286526,P18
S5_loins_renal_aorta,S4_chest_heart_aorta,1,0.4393391042583084,P19
S5_loins_renal_aorta,S4_chest_heart_aorta,11,0.07984500780714832,P20
S5_loins_renal_aorta,S4_chest_heart_aorta,21,-0.26278776939106907,P21
S5_loins_renal_aorta,S4_chest_heart_aorta,1,0.6599672745519595,P22
S5_loins_renal_aorta,S4_chest_heart_aorta,14,-0.05514489791559452,P23
S5_loins_renal_aorta,S4_chest_heart_aorta,11,0.20068589308008145,P24
S5_loins_renal_aorta,S4_chest_heart_aorta,9,0.1184769029643701,P25
S5_loins_renal_aorta,S4_chest_heart_aorta,8,0.2086547912866944,P26
S5_loins_renal_aorta,S4_chest_heart_aorta,17,-0.05487743765476716,P27
S5_loins_renal_aorta,S6_buttocks_iliac,11,0.11020891705427294,P01
S5_loins_renal_aorta,S6_buttocks_iliac,10,0.060741514451405826,P02
S5_loins_renal_aorta,S6_buttocks_iliac,2,0.590688802723278,P03
S5_loins_renal_aorta,S6_buttocks_iliac,1,0.8209879493597976,P04
S5_loins_renal_aorta,S6_buttocks_iliac,11,0.08538570057401935,P05
S5_loins_renal_aorta,S6_buttocks_iliac,18,-0.19209954189151346,P06
S5_loins_renal_aorta,S6_buttocks_iliac,12,0.13465423423217157,P07
S5_loins_renal_aorta,S6_buttocks_iliac,16,-0.09714690134661497,P08
S5_loins_renal_aorta,S6_buttocks_iliac,15,-0.04904605400426211,P09
S5_loins_renal_aorta,S6_buttocks_iliac,1,0.6072991102216907,P10
S5_loins_renal_aorta,S6_buttocks_iliac,1,0.4723897610789971,P11
S5_loins_renal_aorta,S6_buttocks_iliac,20,-0.2892385564902886,P12
S5_loins_renal_aorta,S6_buttocks_iliac,6,0.3053950653267105,P13
S5_loins_renal_aorta,S6_buttocks_iliac,7,0.2449669911647737,P14
S5_loins_renal_aorta,S6_buttocks_iliac,3,0.35067733061891937,P15
S5_loins_renal_aorta,S6_buttocks_iliac,2,0.35448133162685014,P16
S5_loins_renal_aorta,S6_buttocks_iliac,1,0.508958500267604,P17
S5_loins_renal_aorta,S6_buttocks_iliac,11,0.13226666243837934,P18
S5_loins_renal_aorta,S6_buttocks_iliac,4,0.3381154643226143,P19
S5_loins_renal_aorta,S6_buttocks_iliac,15,-0.06437958051769735,P20
S5_loins_renal_aorta,S6_buttocks_iliac,1,0.5722149642487208,P21
S5_loins_renal_aorta,S6_buttocks_iliac,1,0.6522389498727716,P22
S5_loins_renal_aorta,S6_buttocks_iliac,16,-0.20251736980741086,P23
S5_loins_renal_aorta,S6_buttocks_iliac,11,0.05988523270082549,P24
S5_loins_renal_aorta,S6_buttocks_iliac,11,0.08292553199113634,P25
S5_loins_renal_aorta,S6_buttocks_iliac,6,0.2916680906171727,P26
S5_loins_renal_aorta,S6_buttocks_iliac,1,0.5039743636646061,P27
S5_loins_renal_aorta,S7_buttocks_iliac,8,0.1592672888425642,P01
S5_loins_renal_aorta,S7_buttocks_iliac,8,0.17652315832066415,P02
S5_loins_renal_aorta,S7_buttocks_iliac,2,0.6646299395570214,P03
S5_loins_renal_aorta,S7_buttocks_iliac,2,0.4902061782115674,P04
S5_loins_renal_aorta,S7_buttocks_iliac,14,-0.10266585697389649,P05
S5_loins_renal_aorta,S7_buttocks_iliac,8,0.16939762588031332,P06
S5_loins_renal_aorta,S7_buttocks_iliac,10,0.05986316396822537,P07
S5_loins_renal_aorta,S7_buttocks_iliac,16,-0.12993788135481987,P08
S5_loins_renal_aorta,S7_buttocks_iliac,7,0.21193794720528714,P09
S5_loins_renal_aorta,S7_buttocks_iliac,2,0.44969896365066686,P10
S5_loins_renal_aorta,S7_buttocks_iliac,2,0.5740467919392598,P11
S5_loins_renal_aorta,S7_buttocks_iliac,9,0.11723418840929213,P12
S5_loins_renal_aorta,S7_buttocks_iliac,10,0.11999930005754184,P13
S5_loins_renal_aorta,S7_buttocks_iliac,7,0.2705381655331382,P14
S5_loins_renal_aorta,S7_buttocks_iliac,7,0.353618198089067,P15
S5_loins_renal_aorta,S7_buttocks_iliac,2,0.5956374398054051,P16
S5_loins_renal_aorta,S7_buttocks_iliac,7,0.1951766375029702,P17
S5_loins_renal_aorta,S7_buttocks_iliac,17,-0.10434253166914133,P18
S5_loins_renal_aorta,S7_buttocks_iliac,1,0.5795776641323591,P19
S5_loins_renal_aorta,S7_buttocks_iliac,19,-0.2374411585088722,P20
S5_loins_renal_aorta,S7_buttocks_iliac,22,-0.22487517737113466,P21
S5_loins_renal_aorta,S7_buttocks_iliac,1,0.6746810787778412,P22
S5_loins_renal_aorta,S7_buttocks_iliac,16,-0.20087350193647155,P23
S5_loins_renal_aorta,S7_buttocks_iliac,8,0.16350679157329562,P24
S5_loins_renal_aorta,S7_buttocks_iliac,14,0.013717081272741079,P25
S5_loins_renal_aorta,S7_buttocks_iliac,1,0.6780965938105918,P26
S5_loins_renal_aorta,S7_buttocks_iliac,5,0.4291099701728505,P27
S5_loins_renal_aorta,S8_leg_femoral,19,-0.13634427982840638,P01
S5_loins_renal_aorta,S8_leg_femoral,5,0.2487322323777981,P02
S5_loins_renal_aorta,S8_leg_femoral,20,-0.31133945159327986,P03
S5_loins_renal_aorta,S8_leg_femoral,1,0.73296452709846,P04
S5_loins_renal_aorta,S8_leg_femoral,13,0.024783243015121078,P05
S5_loins_renal_aorta,S8_leg_femoral,18,-0.13812103259337866,P06
S5_loins_renal_aorta,S8_leg_femoral,12,0.0710901727024485,P07
S5_loins_renal_aorta,S8_leg_femoral,10,0.17060140764568324,P08
S5_loins_renal_aorta,S8_leg_femoral,4,0.3463911793422624,P09
S5_loins_renal_aorta,S8_leg_femoral,1,0.6132624104967552,P10
S5_loins_renal_aorta,S8_leg_femoral,1,0.5168760722461291,P11
S5_loins_renal_aorta,S8_leg_femoral,8,0.21967656377073758,P12
S5_loins_renal_aorta,S8_leg_femoral,16,-0.0730011482872428,P13
S5_loins_renal_aorta,S8_leg_femoral,20,-0.19497213844326589,P14
S5_loins_renal_aorta,S8_leg_femoral,12,-0.06304244729716718,P15
S5_loins_renal_aorta,S8_leg_femoral,3,0.4535702177040149,P16
S5_loins_renal_aorta,S8_leg_femoral,10,0.1752455793265014,P17
S5_loins_renal_aorta,S8_leg_femoral,3,0.467696833918837,P18
S5_loins_renal_aorta,S8_leg_femoral,3,0.45845617548164413,P19
S5_loins_renal_aorta,S8_leg_femoral,14,0.033035499746713784,P20
S5_loins_renal_aorta,S8_leg_femoral,14,0.002781232450782316,P21
S5_loins_renal_aorta,S8_leg_femoral,1,0.48542449729920095,P22
S5_loins_renal_aorta,S8_leg_femoral,11,0.03591891425942821,P23
S5_loins_renal_aorta,S8_leg_femoral,9,0.11180452776931969,P24
S5_loins_renal_aorta,S8_leg_femoral,7,0.21899875489079174,P25
S5_loins_renal_aorta,S8_leg_femoral,2,0.6241063343904603,P26
S5_loins_renal_aorta,S8_leg_femoral,19,-0.13801720463320843,P27
S6_buttocks_iliac,S1_head_carotid,3,0.25232900748664017,P01
S6_buttocks_iliac,S1_head_carotid,15,-0.0458075010165116,P02
S6_buttocks_iliac,S1_head_carotid,18,-0.2017921206274691,P03
S6_buttocks_iliac,S1_head_carotid,12,0.10241933175888768,P04
S6_buttocks_iliac,S1_head_carotid,8,0.13168094256625282,P05
S6_buttocks_iliac,S1_head_carotid,12,0.0579928811529707,P06
S6_buttocks_iliac,S1_head_carotid,14,0.015576052770123028,P07
S6_buttocks_iliac,S1_head_carotid,16,-0.07290995343300868,P08
S6_buttocks_iliac,S1_head_carotid,16,-0.043765097211646724,P09
S6_buttocks_iliac,S1_head_carotid,12,-0.023804908445504272,P10
S6_buttocks_iliac,S1_head_carotid,6,0.3471877388802758,P11
S6_buttocks_iliac,S1_head_carotid,6,0.18401164882924198,P12
S6_buttocks_iliac,S1_head_carotid,5,0.41588160854921596,P13
S6_buttocks_iliac,S1_head_carotid,22,-0.28893916365502026,P14
S6_buttocks_iliac,S1_head_carotid,1,0.4348056562629139,P15
S6_buttocks_iliac,S1_head_carotid,19,-0.052652813350214614,P16
S6_buttocks_iliac,S1_head_carotid,8,0.14390342294610892,P17
S6_buttocks_iliac,S1_head_carotid,18,-0.0975841307093367,P18
S6_buttocks_iliac,S1_head_carotid,4,0.2851483729448431,P19
S6_buttocks_iliac,S1_head_carotid,4,0.40808209119592526,P20
S6_buttocks_iliac,S1_head_carotid,27,-0.726811846466629,P21
S6_buttocks_iliac,S1_head_carotid,14,-0.10582559929722408,P22
S6_buttocks_iliac,S1_head_carotid,2,0.3158131879004854,P23
S6_buttocks_iliac,S1_head_carotid,6,0.15613751143240606,P24
S6_buttocks_iliac,S1_head_carotid,12,0.09293810432101607,P25
S6_buttocks_iliac,S1_head_carotid,3,0.3251848753724819,P26
S6_buttocks_iliac,S1_head_carotid,8,0.24737881826835784,P27
S6_buttocks_iliac,S2_neck_aortic_arch,6,0.2441709665264255,P01
S6_buttocks_iliac,S2_neck_aortic_arch,20,-0.26212117245189426,P02
S6_buttocks_iliac,S2_neck_aortic_arch,14,-0.01492666375613471,P03
S6_buttocks_iliac,S2_neck_aortic_arch,1,0.7012526140525348,P04
S6_buttocks_iliac,S2_neck_aortic_arch,9,0.16399694345028384,P05
S6_buttocks_iliac,S2_neck_aortic_arch,15,-0.02333763915245468,P06
S6_buttocks_iliac,S2_neck_aortic_arch,1,0.6609875242874069,P07
S6_buttocks_iliac,S2_neck_aortic_arch,20,-0.1874077716689381,P08
S6_buttocks_iliac,S2_neck_aortic_arch,22,-0.27319978118843713,P09
S6_buttocks_iliac,S2_neck_aortic_arch,3,0.3509278240554264,P10
S6_buttocks_iliac,S2_neck_aortic_arch,1,0.5500868740545594,P11
S6_buttocks_iliac,S2_neck_aortic_arch,11,0.08755821939700668,P12
S6_buttocks_iliac,S2_neck_aortic_arch,3,0.6356105096693463,P13
S6_buttocks_iliac,S2_neck_aortic_arch,14,-0.05392955822094288,P14
S6_buttocks_iliac,S2_neck_aortic_arch,11,0.08782211158750643,P15
S6_buttocks_iliac,S2_neck_aortic_arch,17,-0.10226526424722063,P16
S6_buttocks_iliac,S2_neck_aortic_arch,3,0.3128532542215516,P17
S6_buttocks_iliac,S2_neck_aortic_arch,27,-0.38197752935892826,P18
S6_buttocks_iliac,S2_neck_aortic_arch,21,-0.18588023962008018,P19
S6_buttocks_iliac,S2_neck_aortic_arch,5,0.38976572348136623,P20
S6_buttocks_iliac,S2_neck_aortic_arch,25,-0.38331496339240323,P21
S6_buttocks_iliac,S2_neck_aortic_arch,3,0.37002696433477494,P22
S6_buttocks_iliac,S2_neck_aortic_arch,11,0.06954482724245435,P23
S6_buttocks_iliac,S2_neck_aortic_arch,7,0.18152531070566214,P24
S6_buttocks_iliac,S2_neck_aortic_arch,19,-0.08224033987889603,P25
S6_buttocks_iliac,S2_neck_aortic_arch,1,0.5539722434420182,P26
S6_buttocks_iliac,S2_neck_aortic_arch,12,0.06976673381003379,P27
S6_buttocks_iliac,S3_chest_heart_aorta,8,0.15568963994005353,P01
S6_buttocks_iliac,S3_chest_heart_aorta,17,-0.18296918639409157,P02
S6_buttocks_iliac,S3_chest_heart_aorta,14,0.05891815887420691,P03
S6_buttocks_iliac,S3_chest_heart_aorta,2,0.49204773892003245,P04
S6_buttocks_iliac,S3_chest_heart_aorta,11,0.01144434542023954,P05
S6_buttocks_iliac,S3_chest_heart_aorta,16,-0.09223068351018399,P06
S6_buttocks_iliac,S3_chest_heart_aorta,11,0.060416971875068184,P07
S6_buttocks_iliac,S3_chest_heart_aorta,18,-0.040002462715497095,P08
S6_buttocks_iliac,S3_chest_heart_aorta,12,-0.023771012937207445,P09
S6_buttocks_iliac,S3_chest_heart_aorta,15,-0.0009296181732349196,P10
S6_buttocks_iliac,S3_chest_heart_aorta,6,0.40057761170503814,P11
S6_buttocks_iliac,S3_chest_heart_aorta,18,-0.1942084804354125,P12
S6_buttocks_iliac,S3_chest_heart_aorta,2,0.5969860175626864,P13
S6_buttocks_iliac,S3_chest_heart_aorta,12,0.029721537863458387,P14
S6_buttocks_iliac,S3_chest_heart_aorta,1,0.38604370137457233,P15
S6_buttocks_iliac,S3_chest_heart_aorta,4,0.3030735822747541,P16
S6_buttocks_iliac,S3_chest_heart_aorta,1,0.4997098488283278,P17
S6_buttocks_iliac,S3_chest_heart_aorta,15,-0.1492551165171912,P18
S6_buttocks_iliac,S3_chest_heart_aorta,23,-0.3382049105410789,P19
S6_buttocks_iliac,S3_chest_heart_aorta,1,0.3710050950058901,P20
S6_buttocks_iliac,S3_chest_heart_aorta,21,-0.205732056162084,P21
S6_buttocks_iliac,S3_chest_heart_aorta,5,0.22968728137489755,P22
S6_buttocks_iliac,S3_chest_heart_aorta,22,-0.3118607749148978,P23
S6_buttocks_iliac,S3_chest_heart_aorta,10,0.1404689090437397,P24
S6_buttocks_iliac,S3_chest_heart_aorta,15,-0.13140971532600432,P25
S6_buttocks_iliac,S3_chest_heart_aorta,1,0.5734901382286676,P26
S6_buttocks_iliac,S3_chest_heart_aorta,2,0.44077724020339365,P27
S6_buttocks_iliac,S4_chest_heart_aorta,4,0.3794941695048195,P01
S6_buttocks_iliac,S4_chest_heart_aorta,11,0.20619105568038756,P02
S6_buttocks_iliac,S4_chest_heart_aorta,7,0.3225354197307004,P03
S6_buttocks_iliac,S4_chest_heart_aorta,18,-0.10059608283601393,P04
S6_buttocks_iliac,S4_chest_heart_aorta,4,0.2502380383561916,P05
S6_buttocks_iliac,S4_chest_heart_aorta,15,-0.18904453109101288,P06
S6_buttocks_iliac,S4_chest_heart_aorta,1,0.3546376878293011,P07
S6_buttocks_iliac,S4_chest_heart_aorta,10,0.189613373650465,P08
S6_buttocks_iliac,S4_chest_heart_aorta,3,0.31300543120541047,P09
S6_buttocks_iliac,S4_chest_heart_aorta,6,0.26611160677989765,P10
S6_buttocks_iliac,S4_chest_heart_aorta,4,0.25532452707453435,P11
S6_buttocks_iliac,S4_chest_heart_aorta,5,0.2189501915387958,P12
S6_buttocks_iliac,S4_chest_heart_aorta,24,-0.3022439182839437,P13
S6_buttocks_iliac,S4_chest_heart_aorta,12,0.04344988531164694,P14
S6_buttocks_iliac,S4_chest_heart_aorta,2,0.3785068790499213,P15
S6_buttocks_iliac,S4_chest_heart_aorta,9,0.12353288398271203,P16
S6_buttocks_iliac,S4_chest_heart_aorta,5,0.2365411895243344,P17
S6_buttocks_iliac,S4_chest_heart_aorta,23,-0.296665005275736,P18
S6_buttocks_iliac,S4_chest_heart_aorta,1,0.7051830648071615,P19
S6_buttocks_iliac,S4_chest_heart_aorta,4,0.35403466823222884,P20
S6_buttocks_iliac,S4_chest_heart_aorta,25,-0.5889915526493188,P21
S6_buttocks_iliac,S4_chest_heart_aorta,2,0.3491051306352065,P22
S6_buttocks_iliac,S4_chest_heart_aorta,3,0.4030832480665647,P23
S6_buttocks_iliac,S4_chest_heart_aorta,3,0.5006463810766937,P24
S6_buttocks_iliac,S4_chest_heart_aorta,2,0.3993518535957323,P25
S6_buttocks_iliac,S4_chest_heart_aorta,19,-0.16461148777352946,P26
S6_buttocks_iliac,S4_chest_heart_aorta,4,0.42351406811731745,P27
S6_buttocks_iliac,S5_loins_renal_aorta,3,0.32895371106384835,P01
S6_buttocks_iliac,S5_loins_renal_aorta,11,0.10083819226469251,P02
S6_buttocks_iliac,S5_loins_renal_aorta,5,0.39185305289332206,P03
S6_buttocks_iliac,S5_loins_renal_aorta,1,0.8418269283690052,P04
S6_buttocks_iliac,S5_loins_renal_aorta,6,0.2910227190337679,P05
S6_buttocks_iliac,S5_loins_renal_aorta,19,-0.1901943331967184,P06
S6_buttocks_iliac,S5_loins_renal_aorta,4,0.2939705640557453,P07
S6_buttocks_iliac,S5_loins_renal_aorta,20,-0.1310541484524274,P08
S6_buttocks_iliac,S5_loins_renal_aorta,11,0.04094685219987429,P09
S6_buttocks_iliac,S5_loins_renal_aorta,8,0.22865681923568426,P10
S6_buttocks_iliac,S5_loins_renal_aorta,1,0.6668450631484572,P11
S6_buttocks_iliac,S5_loins_renal_aorta,13,0.025239331599450153,P12
S6_buttocks_iliac,S5_loins_renal_aorta,1,0.5533942654185762,P13
S6_buttocks_iliac,S5_loins_renal_aorta,15,0.007524825040681742,P14
S6_buttocks_iliac,S5_loins_renal_aorta,4,0.3281606117823081,P15
S6_buttocks_iliac,S5_loins_renal_aorta,8,0.22041673281294227,P16
S6_buttocks_iliac,S5_loins_renal_aorta,1,0.5054455174603574,P17
S6_buttocks_iliac,S5_loins_renal_aorta,23,-0.41813688393624815,P18
S6_buttocks_iliac,S5_loins_renal_aorta,3,0.5225572907722273,P19
S6_buttocks_iliac,S5_loins_renal_aorta,2,0.3584325871346409,P20
S6_buttocks_iliac,S5_loins_renal_aorta,23,-0.33327125613841696,P21
S6_buttocks_iliac,S5_loins_renal_aorta,2,0.37502587795054615,P22
S6_buttocks_iliac,S5_loins_renal_aorta,23,-0.16515260677242094,P23
S6_buttocks_iliac,S5_loins_renal_aorta,6,0.24748477418578074,P24
S6_buttocks_iliac,S5_loins_renal_aorta,13,-0.03914938943788422,P25
S6_buttocks_iliac,S5_loins_renal_aorta,19,-0.08806444170432771,P26
S6_buttocks_iliac,S5_loins_renal_aorta,1,0.6441230018318705,P27
S6_buttocks_iliac,S7_buttocks_iliac,2,0.32920186960413766,P01
S6_buttocks_iliac,S7_buttocks_iliac,11,0.10228942201462476,P02
S6_buttocks_iliac,S7_buttocks_iliac,5,0.43650914261453766,P03
S6_buttocks_iliac,S7_buttocks_iliac,1,0.5533087300185906,P04
S6_buttocks_iliac,S7_buttocks_iliac,9,0.1682078913914174,P05
S6_buttocks_iliac,S7_buttocks_iliac,6,0.20860711404551197,P06
S6_buttocks_iliac,S7_buttocks_iliac,4,0.38471289887479404,P07
S6_buttocks_iliac,S7_buttocks_iliac,1,0.8548360410428926,P08
S6_buttocks_iliac,S7_buttocks_iliac,8,0.166236684928595,P09
S6_buttocks_iliac,S7_buttocks_iliac,1,0.509994675209697,P10
S6_buttocks_iliac,S7_buttocks_iliac,2,0.6741684753141319,P11
S6_buttocks_iliac,S7_buttocks_iliac,1,0.32970975260964863,P12
S6_buttocks_iliac,S7_buttocks_iliac,1,0.6802919708430119,P13
S6_buttocks_iliac,S7_buttocks_iliac,1,0.5907380401121881,P14
S6_buttocks_iliac,S7_buttocks_iliac,1,0.534616155454577,P15
S6_buttocks_iliac,S7_buttocks_iliac,13,0.12414162031397265,P16
S6_buttocks_iliac,S7_buttocks_iliac,2,0.35538221925702645,P17
S6_buttocks_iliac,S7_buttocks_iliac,4,0.4752323247117086,P18
S6_buttocks_iliac,S7_buttocks_iliac,3,0.5352380727161311,P19
S6_buttocks_iliac,S7_buttocks_iliac,19,-0.05787271369605392,P20
S6_buttocks_iliac,S7_buttocks_iliac,25,-0.3270528453096226,P21
S6_buttocks_iliac,S7_buttocks_iliac,1,0.6725115612437673,P22
S6_buttocks_iliac,S7_buttocks_iliac,1,0.6745044824035713,P23
S6_buttocks_iliac,S7_buttocks_iliac,6,0.23811929677193955,P24
S6_buttocks_iliac,S7_buttocks_iliac,4,0.3400459245487384,P25
S6_buttocks_iliac,S7_buttocks_iliac,22,-0.28192161986202674,P26
S6_buttocks_iliac,S7_buttocks_iliac,14,0.1451254542176395,P27
S6_buttocks_iliac,S8_leg_femoral,6,0.16781359653708855,P01
S6_buttocks_iliac,S8_leg_femoral,14,-0.13431408126149122,P02
S6_buttocks_iliac,S8_leg_femoral,14,-0.08516177707160495,P03
S6_buttocks_iliac,S8_leg_femoral,1,0.8342165617148887,P04
S6_buttocks_iliac,S8_leg_femoral,5,0.322991264925506,P05
S6_buttocks_iliac,S8_leg_femoral,6,0.21739072277751437,P06
S6_buttocks_iliac,S8_leg_femoral,6,0.20679890598626927,P07
S6_buttocks_iliac,S8_leg_femoral,1,0.5311382290811916,P08
S6_buttocks_iliac,S8_leg_femoral,18,-0.14095401452213085,P09
S6_buttocks_iliac,S8_leg_femoral,11,0.11217255790191302,P10
S6_buttocks_iliac,S8_leg_femoral,5,0.2682923908262169,P11
S6_buttocks_iliac,S8_leg_femoral,19,-0.18558079882564832,P12
S6_buttocks_iliac,S8_leg_femoral,4,0.47373159948148114,P13
S6_buttocks_iliac,S8_leg_femoral,12,-0.0318707872785506,P14
S6_buttocks_iliac,S8_leg_femoral,1,0.3804637120686537,P15
S6_buttocks_iliac,S8_leg_femoral,13,0.025314224494236676,P16
S6_buttocks_iliac,S8_leg_femoral,4,0.30422378337584677,P17
S6_buttocks_iliac,S8_leg_femoral,12,-0.022598990527226415,P18
S6_buttocks_iliac,S8_leg_femoral,1,0.44318030023848226,P19
S6_buttocks_iliac,S8_leg_femoral,1,0.5383969608587824,P20
S6_buttocks_iliac,S8_leg_femoral,19,-0.08560177890884332,P21
S6_buttocks_iliac,S8_leg_femoral,2,0.461047174629161,P22
S6_buttocks_iliac,S8_leg_femoral,2,0.3091374415598823,P23
S6_buttocks_iliac,S8_leg_femoral,1,0.6752353818683094,P24
S6_buttocks_iliac,S8_leg_femoral,1,0.38705712183639857,P25
S6_buttocks_iliac,S8_leg_femoral,25,-0.4253456493656792,P26
S6_buttocks_iliac,S8_leg_femoral,7,0.20291879897830398,P27
S7_buttocks_iliac,S1_head_carotid,2,0.4025845793107141,P01
S7_buttocks_iliac,S1_head_carotid,17,-0.08961209402086687,P02
S7_buttocks_iliac,S1_head_carotid,27,-0.5929176254485818,P03
S7_buttocks_iliac,S1_head_carotid,9,0.15433247929201485,P04
S7_buttocks_iliac,S1_head_carotid,18,-0.08249492572166642,P05
S7_buttocks_iliac,S1_head_carotid,13,0.07312584629938126,P06
S7_buttocks_iliac,S1_head_carotid,14,0.0003759293898417809,P07
S7_buttocks_iliac,S1_head_carotid,14,-0.03848095621747315,P08
S7_buttocks_iliac,S1_head_carotid,18,-0.04846254854965111,P09
S7_buttocks_iliac,S1_head_carotid,10,0.26256334272415477,P10
S7_buttocks_iliac,S1_head_carotid,3,0.6322125401508651,P11
S7_buttocks_iliac,S1_head_carotid,1,0.5032755049121591,P12
S7_buttocks_iliac,S1_head_carotid,1,0.6801014398768792,P13
S7_buttocks_iliac,S1_head_carotid,13,-0.017799919804093206,P14
S7_buttocks_iliac,S1_head_carotid,2,0.541167370728171,P15
S7_buttocks_iliac,S1_head_carotid,25,-0.27512351517783146,P16
S7_buttocks_iliac,S1_head_carotid,6,0.3379247925332154,P17
S7_buttocks_iliac,S1_head_carotid,16,-0.018993911376759848,P18
S7_buttocks_iliac,S1_head_carotid,1,0.5203614846657693,P19
S7_buttocks_iliac,S1_head_carotid,25,-0.6008394213084183,P20
S7_buttocks_iliac,S1_head_carotid,1,0.6239094703356873,P21
S7_buttocks_iliac,S1_head_carotid,10,0.1634319768788966,P22
S7_buttocks_iliac,S1_head_carotid,4,0.16561643385376265,P23
S7_buttocks_iliac,S1_head_carotid,16,0.0022790990723482313,P24
S7_buttocks_iliac,S1_head_carotid,4,0.22632475281434863,P25
S7_buttocks_iliac,S1_head_carotid,11,0.05008910038851615,P26
S7_buttocks_iliac,S1_head_carotid,22,-0.4539975466385597,P27
S7_buttocks_iliac,S2_neck_aortic_arch,8,0.3228763089504838,P01
S7_buttocks_iliac,S2_neck_aortic_arch,23,-0.3477983385306666,P02
S7_buttocks_iliac,S2_neck_aortic_arch,27,-0.47221570057819107,P03
S7_buttocks_iliac,S2_neck_aortic_arch,5,0.5318140621382601,P04
S7_buttocks_iliac,S2_neck_aortic_arch,8,0.1679255687729998,P05
S7_buttocks_iliac,S2_neck_aortic_arch,7,0.16726448717005876,P06
S7_buttocks_iliac,S2_neck_aortic_arch,4,0.24246639014996993,P07
S7_buttocks_iliac,S2_neck_aortic_arch,20,-0.24237446867161683,P08
S7_buttocks_iliac,S2_neck_aortic_arch,2,0.45345701974437624,P09
S7_buttocks_iliac,S2_neck_aortic_arch,8,0.09873204739172473,P10
S7_buttocks_iliac,S2_neck_aortic_arch,4,0.4558313159206725,P11
S7_buttocks_iliac,S2_neck_aortic_arch,3,0.44796020488137134,P12
S7_buttocks_iliac,S2_neck_aortic_arch,1,0.7411315070833383,P13
S7_buttocks_iliac,S2_neck_aortic_arch,6,0.19549536243144522,P14
S7_buttocks_iliac,S2_neck_aortic_arch,11,-0.01502566442608258,P15
S7_buttocks_iliac,S2_neck_aortic_arch,27,-0.45991522222761005,P16
S7_buttocks_iliac,S2_neck_aortic_arch,2,0.5046087889722044,P17
S7_buttocks_iliac,S2_neck_aortic_arch,20,-0.12627199498177938,P18
S7_buttocks_iliac,S2_neck_aortic_arch,18,-0.12291387443072689,P19
S7_buttocks_iliac,S2_neck_aortic_arch,21,-0.29612574213451115,P20
S7_buttocks_iliac,S2_neck_aortic_arch,2,0.4966809817362072,P21
S7_buttocks_iliac,S2_neck_aortic_arch,5,0.2803554128726097,P22
S7_buttocks_iliac,S2_neck_aortic_arch,8,0.17566371181290155,P23
S7_buttocks_iliac,S2_neck_aortic_arch,16,0.013178441444882186,P24
S7_buttocks_iliac,S2_neck_aortic_arch,9,0.17055230683408446,P25
S7_buttocks_iliac,S2_neck_aortic_arch,9,0.14920069584927886,P26
S7_buttocks_iliac,S2_neck_aortic_arch,19,-0.15290531741836028,P27
S7_buttocks_iliac,S3_chest_heart_aorta,6,0.19580823864773267,P01
S7_buttocks_iliac,S3_chest_heart_aorta,17,-0.18681278622974323,P02
S7_buttocks_iliac,S3_chest_heart_aorta,22,-0.26745708890660475,P03
S7_buttocks_iliac,S3_chest_heart_aorta,5,0.36865344245184895,P04
S7_buttocks_iliac,S3_chest_heart_aorta,12,-0.08488892682709409,P05
S7_buttocks_iliac,S3_chest_heart_aorta,22,-0.23885441450533226,P06
S7_buttocks_iliac,S3_chest_heart_aorta,9,0.1658708608844155,P07
S7_buttocks_iliac,S3_chest_heart_aorta,15,-0.07626267770704902,P08
S7_buttocks_iliac,S3_chest_heart_aorta,7,0.2913680820129373,P09
S7_buttocks_iliac,S3_chest_heart_aorta,16,-0.1275366756633881,P10
S7_buttocks_iliac,S3_chest_heart_aorta,3,0.6419011591918691,P11
S7_buttocks_iliac,S3_chest_heart_aorta,5,0.3878518176183747,P12
S7_buttocks_iliac,S3_chest_heart_aorta,2,0.7446226940765007,P13
S7_buttocks_iliac,S3_chest_heart_aorta,6,0.2525328667797908,P14
S7_buttocks_iliac,S3_chest_heart_aorta,4,0.3293964061269045,P15
S7_buttocks_iliac,S3_chest_heart_aorta,12,-0.0033044139314925072,P16
S7_buttocks_iliac,S3_chest_heart_aorta,1,0.43586706114763485,P17
S7_buttocks_iliac,S3_chest_heart_aorta,27,-0.5198646417325449,P18
S7_buttocks_iliac,S3_chest_heart_aorta,14,0.015083149904666276,P19
S7_buttocks_iliac,S3_chest_heart_aorta,16,-0.1188539940683998,P20
S7_buttocks_iliac,S3_chest_heart_aorta,2,0.6358527707109721,P21
S7_buttocks_iliac,S3_chest_heart_aorta,4,0.23240113170559668,P22
S7_buttocks_iliac,S3_chest_heart_aorta,15,-0.06854528501298798,P23
S7_buttocks_iliac,S3_chest_heart_aorta,13,-0.035646424008338305,P24
S7_buttocks_iliac,S3_chest_heart_aorta,8,0.18378179046938686,P25
S7_buttocks_iliac,S3_chest_heart_aorta,11,-0.010355271355904173,P26
S7_buttocks_iliac,S3_chest_heart_aorta,19,-0.20065303760904168,P27
S7_buttocks_iliac,S4_chest_heart_aorta,11,0.04623369075572917,P01
S7_buttocks_iliac,S4_chest_heart_aorta,16,-0.15868600993600357,P02
S7_buttocks_iliac,S4_chest_heart_aorta,5,0.33533033907709975,P03
S7_buttocks_iliac,S4_chest_heart_aorta,4,0.30858299514334003,P04
S7_buttocks_iliac,S4_chest_heart_aorta,21,-0.09170318965986023,P05
S7_buttocks_iliac,S4_chest_heart_aorta,6,0.3900790165923066,P06
S7_buttocks_iliac,S4_chest_heart_aorta,3,0.30593652961388373,P07
S7_buttocks_iliac,S4_chest_heart_aorta,4,0.4136903038463837,P08
S7_buttocks_iliac,S4_chest_heart_aorta,9,0.07957213139105185,P09
S7_buttocks_iliac,S4_chest_heart_aorta,10,0.08751586050231674,P10
S7_buttocks_iliac,S4_chest_heart_aorta,6,0.46429910621308024,P11
S7_buttocks_iliac,S4_chest_heart_aorta,3,0.31617353976736073,P12
S7_buttocks_iliac,S4_chest_heart_aorta,8,0.16149807214545153,P13
S7_buttocks_iliac,S4_chest_heart_aorta,6,0.22496237803101105,P14
S7_buttocks_iliac,S4_chest_heart_aorta,6,0.24981977506202582,P15
S7_buttocks_iliac,S4_chest_heart_aorta,10,0.0725286301407602,P16
S7_buttocks_iliac,S4_chest_heart_aorta,4,0.3111775154830212,P17
S7_buttocks_iliac,S4_chest_heart_aorta,14,-0.085049578207989,P18
S7_buttocks_iliac,S4_chest_heart_aorta,4,0.5151647724697952,P19
S7_buttocks_iliac,S4_chest_heart_aorta,9,0.07797951913960113,P20
S7_buttocks_iliac,S4_chest_heart_aorta,2,0.7516743526591965,P21
S7_buttocks_iliac,S4_chest_heart_aorta,4,0.2841744430097939,P22
S7_buttocks_iliac,S4_chest_heart_aorta,2,0.3887627543161536,P23
S7_buttocks_iliac,S4_chest_heart_aorta,13,0.11601285315575269,P24
S7_buttocks_iliac,S4_chest_heart_aorta,8,0.16148016836615556,P25
S7_buttocks_iliac,S4_chest_heart_aorta,6,0.19764961998121966,P26
S7_buttocks_iliac,S4_chest_heart_aorta,21,-0.2998791682940881,P27
S7_buttocks_iliac,S5_loins_renal_aorta,4,0.39872260289122036,P01
S7_buttocks_iliac,S5_loins_renal_aorta,26,-0.3257636996329877,P02
S7_buttocks_iliac,S5_loins_renal_aorta,1,0.3619022566269471,P03
S7_buttocks_iliac,S5_loins_renal_aorta,1,0.5361011612268386,P04
S7_buttocks_iliac,S5_loins_renal_aorta,12,-0.05197150842066259,P05
S7_buttocks_iliac,S5_loins_renal_aorta,9,0.059255313144356836,P06
S7_buttocks_iliac,S5_loins_renal_aorta,6,0.2102126936014945,P07
S7_buttocks_iliac,S5_loins_renal_aorta,13,-0.012794252129981448,P08
S7_buttocks_iliac,S5_loins_renal_aorta,5,0.40917321218514224,P09
S7_buttocks_iliac,S5_loins_renal_aorta,24,-0.3012176766796695,P10
S7_buttocks_iliac,S5_loins_renal_aorta,2,0.6868717044194248,P11
S7_buttocks_iliac,S5_loins_renal_aorta,3,0.6083567701173955,P12
S7_buttocks_iliac,S5_loins_renal_aorta,1,0.7696142406537769,P13
S7_buttocks_iliac,S5_loins_renal_aorta,5,0.24079818182835802,P14
S7_buttocks_iliac,S5_loins_renal_aorta,5,0.1368099929424745,P15
S7_buttocks_iliac,S5_loins_renal_aorta,6,0.2819703028655223,P16
S7_buttocks_iliac,S5_loins_renal_aorta,6,0.18206553417169496,P17
S7_buttocks_iliac,S5_loins_renal_aorta,25,-0.36452908380999616,P18
S7_buttocks_iliac,S5_loins_renal_aorta,2,0.6893877205309535,P19
S7_buttocks_iliac,S5_loins_renal_aorta,15,-0.16906544944299612,P20
S7_buttocks_iliac,S5_loins_renal_aorta,2,0.504498354784737,P21
S7_buttocks_iliac,S5_loins_renal_aorta,3,0.29322716405959004,P22
S7_buttocks_iliac,S5_loins_renal_aorta,12,0.029089308766208813,P23
S7_buttocks_iliac,S5_loins_renal_aorta,11,0.05653636957974769,P24
S7_buttocks_iliac,S5_loins_renal_aorta,15,-0.09180377052776573,P25
S7_buttocks_iliac,S5_loins_renal_aorta,1,0.5776743329635454,P26
S7_buttocks_iliac,S5_loins_renal_aorta,5,0.1981014713890712,P27
S7_buttocks_iliac,S6_buttocks_iliac,6,0.2479033374674225,P01
S7_buttocks_iliac,S6_buttocks_iliac,3,0.24246127798318623,P02
S7_buttocks_iliac,S6_buttocks_iliac,2,0.44187285767522677,P03
S7_buttocks_iliac,S6_buttocks_iliac,3,0.5970824290847069,P04
S7_buttocks_iliac,S6_buttocks_iliac,17,-0.07682051034647332,P05
S7_buttocks_iliac,S6_buttocks_iliac,15,0.006944808980651043,P06
S7_buttocks_iliac,S6_buttocks_iliac,1,0.5653094469112518,P07
S7_buttocks_iliac,S6_buttocks_iliac,1,0.7740493371336077,P08
S7_buttocks_iliac,S6_buttocks_iliac,8,0.1342506263861604,P09
S7_buttocks_iliac,S6_buttocks_iliac,5,0.20129919013718806,P10
S7_buttocks_iliac,S6_buttocks_iliac,1,0.5946384836307397,P11
S7_buttocks_iliac,S6_buttocks_iliac,1,0.7452154368774165,P12
S7_buttocks_iliac,S6_buttocks_iliac,1,0.8584583383850916,P13
S7_buttocks_iliac,S6_buttocks_iliac,1,0.5888111678842931,P14
S7_buttocks_iliac,S6_buttocks_iliac,2,0.3806967254325022,P15
S7_buttocks_iliac,S6_buttocks_iliac,15,-0.05836418954344943,P16
S7_buttocks_iliac,S6_buttocks_iliac,4,0.25289162754936445,P17
S7_buttocks_iliac,S6_buttocks_iliac,7,0.13574660925178347,P18
S7_buttocks_iliac,S6_buttocks_iliac,3,0.6083486043638722,P19
S7_buttocks_iliac,S6_buttocks_iliac,17,-0.175598638181778,P20
S7_buttocks_iliac,S6_buttocks_iliac,1,0.5061796173546713,P21
S7_buttocks_iliac,S6_buttocks_iliac,1,0.6528203868313354,P22
S7_buttocks_iliac,S6_buttocks_iliac,1,0.649155472542079,P23
S7_buttocks_iliac,S6_buttocks_iliac,5,0.3497138006789151,P24
S7_buttocks_iliac,S6_buttocks_iliac,2,0.3506106062135683,P25
S7_buttocks_iliac,S6_buttocks_iliac,17,-0.09976691569531557,P26
S7_buttocks_iliac,S6_buttocks_iliac,6,0.27273422759085275,P27
S7_buttocks_iliac,S8_leg_femoral,1,0.4945261954545659,P01
S7_buttocks_iliac,S8_leg_femoral,19,-0.2698458099019936,P02
S7_buttocks_iliac,S8_leg_femoral,26,-0.5879578285890694,P03
S7_buttocks_iliac,S8_leg_femoral,4,0.49765577435472613,P04
S7_buttocks_iliac,S8_leg_femoral,6,0.26375390071087945,P05
S7_buttocks_iliac,S8_leg_femoral,7,0.249462588676865,P06
S7_buttocks_iliac,S8_leg_femoral,3,0.34455938294636623,P07
S7_buttocks_iliac,S8_leg_femoral,1,0.6731391075874027,P08
S7_buttocks_iliac,S8_leg_femoral,2,0.5034800834464209,P09
S7_buttocks_iliac,S8_leg_femoral,12,0.047933716426268085,P10
S7_buttocks_iliac,S8_leg_femoral,1,0.615346223298634,P11
S7_buttocks_iliac,S8_leg_femoral,3,0.619275570735925,P12
S7_buttocks_iliac,S8_leg_femoral,2,0.6699983292693045,P13
S7_buttocks_iliac,S8_leg_femoral,13,0.019804260498285417,P14
S7_buttocks_iliac,S8_leg_femoral,1,0.6301505491631103,P15
S7_buttocks_iliac,S8_leg_femoral,6,0.282970599390472,P16
S7_buttocks_iliac,S8_leg_femoral,1,0.5837186683418942,P17
S7_buttocks_iliac,S8_leg_femoral,23,-0.42401761160142815,P18
S7_buttocks_iliac,S8_leg_femoral,1,0.6608680988303857,P19
S7_buttocks_iliac,S8_leg_femoral,16,-0.12988533214431575,P20
S7_buttocks_iliac,S8_leg_femoral,3,0.45147316675705745,P21
S7_buttocks_iliac,S8_leg_femoral,2,0.5144566995124575,P22
S7_buttocks_iliac,S8_leg_femoral,3,0.3810162227564445,P23
S7_buttocks_iliac,S8_leg_femoral,4,0.48278582438366063,P24
S7_buttocks_iliac,S8_leg_femoral,1,0.8507205086314888,P25
S7_buttocks_iliac,S8_leg_femoral,4,0.4252886188945293,P26
S7_buttocks_iliac,S8_leg_femoral,20,-0.27998813715299703,P27
S8_leg_femoral,S1_head_carotid,2,0.39433045734125927,P01
S8_leg_femoral,S1_head_carotid,11,0.08686044383209392,P02
S8_leg_femoral,S1_head_carotid,1,0.5793476387939795,P03
S8_leg_femoral,S1_head_carotid,24,-0.32952897249162433,P04
S8_leg_femoral,S1_head_carotid,19,-0.17652855894337602,P05
S8_leg_femoral,S1_head_carotid,14,0.050910201259175836,P06
S8_leg_femoral,S1_head_carotid,23,-0.21295433542912412,P07
S8_leg_femoral,S1_head_carotid,24,-0.3302117544879889,P08
S8_leg_femoral,S1_head_carotid,27,-0.46282542913568137,P09
S8_leg_femoral,S1_head_carotid,6,0.27066232870816614,P10
S8_leg_femoral,S1_head_carotid,1,0.6634543942496218,P11
S8_leg_femoral,S1_head_carotid,4,0.31883990724379574,P12
S8_leg_femoral,S1_head_carotid,1,0.5626783920894249,P13
S8_leg_femoral,S1_head_carotid,1,0.564411154583082,P14
S8_leg_femoral,S1_head_carotid,1,0.5903972616528728,P15
S8_leg_femoral,S1_head_carotid,11,0.06945010518600772,P16
S8_leg_femoral,S1_head_carotid,8,0.11823121383578503,P17
S8_leg_femoral,S1_head_carotid,12,0.03911553229675374,P18
S8_leg_femoral,S1_head_carotid,20,-0.10837403583658928,P19
S8_leg_femoral,S1_head_carotid,13,0.11939895219644128,P20
S8_leg_femoral,S1_head_carotid,24,-0.40168520813330977,P21
S8_leg_femoral,S1_head_carotid,14,-0.06687089071820031,P22
S8_leg_femoral,S1_head_carotid,13,0.0403168539960228,P23
S8_leg_femoral,S1_head_carotid,20,-0.11006410498740163,P24
S8_leg_femoral,S1_head_carotid,15,-0.03500649356489108,P25
S8_leg_femoral,S1_head_carotid,13,0.03520052115518875,P26
S8_leg_femoral,S1_head_carotid,8,0.29280049105781614,P27
S8_leg_femoral,S2_neck_aortic_arch,1,0.6017724784251857,P01
S8_leg_femoral,S2_neck_aortic_arch,12,0.04756515361676514,P02
S8_leg_femoral,S2_neck_aortic_arch,1,0.6423098225017364,P03
S8_leg_femoral,S2_neck_aortic_arch,2,0.48758292194764963,P04
S8_leg_femoral,S2_neck_aortic_arch,3,0.25596090519923664,P05
S8_leg_femoral,S2_neck_aortic_arch,11,0.10074011076050526,P06
S8_leg_femoral,S2_neck_aortic_arch,20,-0.1410942710829676,P07
S8_leg_femoral,S2_neck_aortic_arch,14,0.09762872597325899,P08
S8_leg_femoral,S2_neck_aortic_arch,4,0.2357669455843987,P09
S8_leg_femoral,S2_neck_aortic_arch,3,0.43870185965840236,P10
S8_leg_femoral,S2_neck_aortic_arch,2,0.5014657906958,P11
S8_leg_femoral,S2_neck_aortic_arch,3,0.38739863664509894,P12
S8_leg_femoral,S2_neck_aortic_arch,8,0.26318570447398565,P13
S8_leg_femoral,S2_neck_aortic_arch,1,0.5409728951451658,P14
S8_leg_femoral,S2_neck_aortic_arch,10,0.12295830670641594,P15
S8_leg_femoral,S2_neck_aortic_arch,23,-0.36928796243527856,P16
S8_leg_femoral,S2_neck_aortic_arch,1,0.7458560556986125,P17
S8_leg_femoral,S2_neck_aortic_arch,8,0.14253870494684903,P18
S8_leg_femoral,S2_neck_aortic_arch,24,-0.2798944808177423,P19
S8_leg_femoral,S2_neck_aortic_arch,3,0.4078356941813172,P20
S8_leg_femoral,S2_neck_aortic_arch,21,-0.23229000852539639,P21
S8_leg_femoral,S2_neck_aortic_arch,7,0.20786728964775986,P22
S8_leg_femoral,S2_neck_aortic_arch,1,0.5733007984481393,P23
S8_leg_femoral,S2_neck_aortic_arch,18,-0.035805762153901806,P24
S8_leg_femoral,S2_neck_aortic_arch,18,-0.051142683137432206,P25
S8_leg_femoral,S2_neck_aortic_arch,10,0.15112191847922013,P26
S8_leg_femoral,S2_neck_aortic_arch,1,0.5937342236854739,P27
S8_leg_femoral,S3_chest_heart_aorta,2,0.4416370626876744,P01
S8_leg_femoral,S3_chest_heart_aorta,14,0.10613529959452273,P02
S8_leg_femoral,S3_chest_heart_aorta,2,0.452391021031791,P03
S8_leg_femoral,S3_chest_heart_aorta,3,0.4330197660901062,P04
S8_leg_femoral,S3_chest_heart_aorta,23,-0.4321492858191609,P05
S8_leg_femoral,S3_chest_heart_aorta,18,-0.13599048547104134,P06
S8_leg_femoral,S3_chest_heart_aorta,23,-0.2888773865951257,P07
S8_leg_femoral,S3_chest_heart_aorta,8,0.28036416915177875,P08
S8_leg_femoral,S3_chest_heart_aorta,11,0.07613235387967475,P09
S8_leg_femoral,S3_chest_heart_aorta,7,0.20277297929781832,P10
S8_leg_femoral,S3_chest_heart_aorta,4,0.4591415660213578,P11
S8_leg_femoral,S3_chest_heart_aorta,8,0.22586065868702074,P12
S8_leg_femoral,S3_chest_heart_aorta,2,0.5179128664330173,P13
S8_leg_femoral,S3_chest_heart_aorta,3,0.4819486451530748,P14
S8_leg_femoral,S3_chest_heart_aorta,5,0.3018903250658234,P15
S8_leg_femoral,S3_chest_heart_aorta,16,-0.1176025795855797,P16
S8_leg_femoral,S3_chest_heart_aorta,1,0.6476994036318047,P17
S8_leg_femoral,S3_chest_heart_aorta,16,-0.03334206542216224,P18
S8_leg_femoral,S3_chest_heart_aorta,16,-0.12818407055015307,P19
S8_leg_femoral,S3_chest_heart_aorta,2,0.44065799486510027,P20
S8_leg_femoral,S3_chest_heart_aorta,25,-0.3476813828704546,P21
S8_leg_femoral,S3_chest_heart_aorta,7,0.10717469087508706,P22
S8_leg_femoral,S3_chest_heart_aorta,9,0.18625895419127747,P23
S8_leg_femoral,S3_chest_heart_aorta,13,0.0021883887147001665,P24
S8_leg_femoral,S3_chest_heart_aorta,26,-0.3822018700013119,P25
S8_leg_femoral,S3_chest_heart_aorta,5,0.27990032896361905,P26
S8_leg_femoral,S3_chest_heart_aorta,1,0.6369562535191915,P27
S8_leg_femoral,S4_chest_heart_aorta,17,-0.14828524546826138,P01
S8_leg_femoral,S4_chest_heart_aorta,19,-0.08018085772963662,P02
S8_leg_femoral,S4_chest_heart_aorta,23,-0.357187998406418,P03
S8_leg_femoral,S4_chest_heart_aorta,25,-0.49053439726855497,P04
S8_leg_femoral,S4_chest_heart_aorta,3,0.3679475537785172,P05
S8_leg_femoral,S4_chest_heart_aorta,2,0.47018718407408316,P06
S8_leg_femoral,S4_chest_heart_aorta,13,0.037883173929451175,P07
S8_leg_femoral,S4_chest_heart_aorta,10,0.031901086986879795,P08
S8_leg_femoral,S4_chest_heart_aorta,19,-0.16871639162271543,P09
S8_leg_femoral,S4_chest_heart_aorta,5,0.30417810045504623,P10
S8_leg_femoral,S4_chest_heart_aorta,4,0.30058869899195884,P11
S8_leg_femoral,S4_chest_heart_aorta,6,0.34851449477950486,P12
S8_leg_femoral,S4_chest_heart_aorta,18,-0.0666179193358937,P13
S8_leg_femoral,S4_chest_heart_aorta,3,0.4510110132824342,P14
S8_leg_femoral,S4_chest_heart_aorta,3,0.35354645024182163,P15
S8_leg_femoral,S4_chest_heart_aorta,17,-0.027617799293474354,P16
S8_leg_femoral,S4_chest_heart_aorta,2,0.4162241660880468,P17
S8_leg_femoral,S4_chest_heart_aorta,6,0.16774073899180572,P18
S8_leg_femoral,S4_chest_heart_aorta,23,-0.24172388498643232,P19
S8_leg_femoral,S4_chest_heart_aorta,2,0.4291674148093758,P20
S8_leg_femoral,S4_chest_heart_aorta,26,-0.4743824303112521,P21
S8_leg_femoral,S4_chest_heart_aorta,8,0.17643095776878803,P22
S8_leg_femoral,S4_chest_heart_aorta,1,0.6233247675088658,P23
S8_leg_femoral,S4_chest_heart_aorta,12,0.05405265216829677,P24
S8_leg_femoral,S4_chest_heart_aorta,17,-0.08649670493983168,P25
S8_leg_femoral,S4_chest_heart_aorta,4,0.2301930578986386,P26
S8_leg_femoral,S4_chest_heart_aorta,1,0.5396128823016411,P27
S8_leg_femoral,S5_loins_renal_aorta,4,0.2988544468612197,P01
S8_leg_femoral,S5_loins_renal_aorta,13,0.03493791456805068,P02
S8_leg_femoral,S5_loins_renal_aorta,25,-0.4054792359329233,P03
S8_leg_femoral,S5_loins_renal_aorta,1,0.4583909742301502,P04
S8_leg_femoral,S5_loins_renal_aorta,17,-0.16921056513528238,P05
S8_leg_femoral,S5_loins_renal_aorta,6,0.2577173695627968,P06
S8_leg_femoral,S5_loins_renal_aorta,22,-0.2259263399564223,P07
S8_leg_femoral,S5_loins_renal_aorta,10,0.07678105405638497,P08
S8_leg_femoral,S5_loins_renal_aorta,4,0.3572408211666791,P09
S8_leg_femoral,S5_loins_renal_aorta,2,0.395202858399301,P10
S8_leg_femoral,S5_loins_renal_aorta,1,0.5886195046079667,P11
S8_leg_femoral,S5_loins_renal_aorta,2,0.4601424787824741,P12
S8_leg_femoral,S5_loins_renal_aorta,4,0.3445842736504181,P13
S8_leg_femoral,S5_loins_renal_aorta,3,0.44397853609695,P14
S8_leg_femoral,S5_loins_renal_aorta,11,0.05820592124185152,P15
S8_leg_femoral,S5_loins_renal_aorta,6,0.3179886244257901,P16
S8_leg_femoral,S5_loins_renal_aorta,2,0.44221097193991105,P17
S8_leg_femoral,S5_loins_renal_aorta,19,-0.14452488201807917,P18
S8_leg_femoral,S5_loins_renal_aorta,14,0.02632547023815246,P19
S8_leg_femoral,S5_loins_renal_aorta,3,0.3906740417773912,P20
S8_leg_femoral,S5_loins_renal_aorta,21,-0.22285151269327524,P21
S8_leg_femoral,S5_loins_renal_aorta,6,0.16594620135032087,P22
S8_leg_femoral,S5_loins_renal_aorta,3,0.3724809043043779,P23
S8_leg_femoral,S5_loins_renal_aorta,10,0.07894847960807723,P24
S8_leg_femoral,S5_loins_renal_aorta,12,-0.016886996200029272,P25
S8_leg_femoral,S5_loins_renal_aorta,1,0.6636248881291117,P26
S8_leg_femoral,S5_loins_renal_aorta,1,0.6706684902126533,P27
S8_leg_femoral,S6_buttocks_iliac,9,0.09020924888931076,P01
S8_leg_femoral,S6_buttocks_iliac,9,0.20180971845451376,P02
S8_leg_femoral,S6_buttocks_iliac,24,-0.32157098720236976,P03
S8_leg_femoral,S6_buttocks_iliac,1,0.7326213039466913,P04
S8_leg_femoral,S6_buttocks_iliac,1,0.6317531790574802,P05
S8_leg_femoral,S6_buttocks_iliac,22,-0.2243812627422482,P06
S8_leg_femoral,S6_buttocks_iliac,14,0.02955339827943196,P07
S8_leg_femoral,S6_buttocks_iliac,2,0.4451145920345837,P08
S8_leg_femoral,S6_buttocks_iliac,18,-0.17422338108691396,P09
S8_leg_femoral,S6_buttocks_iliac,6,0.22418205714170214,P10
S8_leg_femoral,S6_buttocks_iliac,3,0.30455390657274667,P11
S8_leg_femoral,S6_buttocks_iliac,1,0.6048877551029332,P12
S8_leg_femoral,S6_buttocks_iliac,3,0.3121527162294537,P13
S8_leg_femoral,S6_buttocks_iliac,4,0.28172509529414114,P14
S8_leg_femoral,S6_buttocks_iliac,1,0.4854958825425455,P15
S8_leg_femoral,S6_buttocks_iliac,14,0.051439659770343774,P16
S8_leg_femoral,S6_buttocks_iliac,3,0.4540663498108882,P17
S8_leg_femoral,S6_buttocks_iliac,1,0.496959976532105,P18
S8_leg_femoral,S6_buttocks_iliac,16,-0.01117648264683773,P19
S8_leg_femoral,S6_buttocks_iliac,4,0.42872571532564324,P20
S8_leg_femoral,S6_buttocks_iliac,20,-0.12260090355454112,P21
S8_leg_femoral,S6_buttocks_iliac,2,0.3354600473973846,P22
S8_leg_femoral,S6_buttocks_iliac,1,0.6719835167180348,P23
S8_leg_femoral,S6_buttocks_iliac,4,0.32775030408792094,P24
S8_leg_femoral,S6_buttocks_iliac,5,0.24090440052907708,P25
S8_leg_femoral,S6_buttocks_iliac,13,-0.04881131902860787,P26
S8_leg_femoral,S6_buttocks_iliac,1,0.8195173172897978,P27
S8_leg_femoral,S7_buttocks_iliac,2,0.4630162758926434,P01
S8_leg_femoral,S7_buttocks_iliac,9,0.2516817673152464,P02
S8_leg_femoral,S7_buttocks_iliac,25,-0.5903822726347885,P03
S8_leg_femoral,S7_buttocks_iliac,9,0.13561856014962648,P04
S8_leg_femoral,S7_buttocks_iliac,2,0.5328307848170782,P05
S8_leg_femoral,S7_buttocks_iliac,6,0.16421563558674734,P06
S8_leg_femoral,S7_buttocks_iliac,2,0.4861924758841468,P07
S8_leg_femoral,S7_buttocks_iliac,2,0.5522580081662708,P08
S8_leg_femoral,S7_buttocks_iliac,2,0.2457457215535905,P09
S8_leg_femoral,S7_buttocks_iliac,4,0.2502648392279596,P10
S8_leg_femoral,S7_buttocks_iliac,2,0.6065584253281273,P11
S8_leg_femoral,S7_buttocks_iliac,1,0.6209535607096832,P12
S8_leg_femoral,S7_buttocks_iliac,7,0.16901595492511345,P13
S8_leg_femoral,S7_buttocks_iliac,3,0.3120585164066667,P14
S8_leg_femoral,S7_buttocks_iliac,2,0.5513563383943505,P15
S8_leg_femoral,S7_buttocks_iliac,1,0.5637289308628761,P16
S8_leg_femoral,S7_buttocks_iliac,1,0.7249153530090805,P17
S8_leg_femoral,S7_buttocks_iliac,4,0.41180257066005266,P18
S8_leg_femoral,S7_buttocks_iliac,6,0.21000761567699386,P19
S8_leg_femoral,S7_buttocks_iliac,14,0.06933813178540885,P20
S8_leg_femoral,S7_buttocks_iliac,27,-0.590216645023583,P21
S8_leg_femoral,S7_buttocks_iliac,1,0.5537925077088965,P22
S8_leg_femoral,S7_buttocks_iliac,2,0.6467049022722069,P23
S8_leg_femoral,S7_buttocks_iliac,4,0.3986915405817332,P24
S8_leg_femoral,S7_buttocks_iliac,4,0.3110202081068465,P25
S8_leg_femoral,S7_buttocks_iliac,4,0.4861487269140058,P26
S8_leg_femoral,S7_buttocks_iliac,5,0.39270673648895266,P27
